唯一識別碼,資料類型,語系,資料名稱,文字描述,聯絡電話,分機,縣市名稱,行政區(鄉鎮區)名稱,街道名稱,資料提供單位機關代碼,資料提供單位,資料更新日期時間
Trail_345040000G_000200,Trail,Zh_tw,南澳古道,南澳古道位在南澳鄉金洋村，是通往泰雅族舊部落的路徑之一，為「舊武塔古道」的一部分，也是泰雅族的傳統獵場。自旋檀駐在所遺址起，循南澳南溪上溯至古道終點，至合流溪與南澳南溪匯流口，共 3.8 公里。沿途平緩好走，野生動植物生態豐富，沿途有吊橋遺址、警備道路基等遺跡。,(03)9981060,,宜蘭縣,南澳鄉,,345040000G,林業保育署,9/18/2025 1:49:53 AM
Trail_345040000G_000400,Trail,Zh_tw,金瓜寮魚蕨步道,金瓜寮魚蕨步道位於新北市坪林區，步道南北端皆可出入。步道有拱橋及觀景平臺，有較多階梯，走出南出口後向南續行可連接到新北市坪林區公所轄管的觀魚蕨類步道。全線沿著金瓜寮溪蜿蜒行進，溪水淙淙，可觀苦花魚、馬口魚等，亦有多種蕨類，適合親子出遊。,(02)33437640,,新北市,坪林區,,345040000G,林業保育署,9/18/2025 1:49:53 AM
Trail_345040000G_000500,Trail,Zh_tw,拳頭姆自然步道,"海拔三百多公尺的拳頭姆山位於宜蘭縣三星鄉境內天送埤地區，步道入口位於臺7丙9.5公里處，步道坡度平緩，行走輕鬆，步道環境為烏心石造林地，有豐富的蕨類與多樣的植物，隨著時序變化展現不同風情，也為鳥類及各種小生物提供良好的棲息環境；登頂可以俯瞰蘭陽溪及蘭陽平原，遙望中央山脈與雪山山脈。 

拳頭姆步道原為荒草蔓生的舊林道，經林業及自然保育署以自然工法施設整修、並搭建觀景平臺，成為穿梭在林業及自然保育署羅東事業區47林班烏心石與肖楠造林地的生態步道。以如拳頭般山頭命名的拳頭姆步道，於民國96年9月中旬啟用。
",(03)9580168,,宜蘭縣,三星鄉,,345040000G,林業保育署,9/18/2025 1:49:53 AM
Trail_345040000G_000600,Trail,Zh_tw,松羅步道,"松羅步道依昔日泰雅獵徑整修而成。步道沿著松羅溪而行，林蔭蒼蒼，溪水淙淙，著生殖物繁盛，是步道最大的特色。低海拔及濕潤的環境，造就了雨林般的森林植被原始景觀。沿途松羅溪一路陪伴，可以在水中清楚看到近年保育的成果「臺灣?魚」優游其中，似乎也能感受到牠們的自在與喜樂。步道最讓人驚豔的是擁有其他步道無法相比的濕生動植物，以生意盎然的姿態在此生長，如濃密的山蘇隧道、大面積蕨類植物、隨處飛舞的蜻蜓等，彷彿置身亞馬遜。
為了維護原始生態環境，自然步道皆是就地取材施作，儘量不使用違背原始自然生態的人工建材，因此行走起來特別舒服、也特別能融入於這片美麗的自然中。
",(03)9882514,,宜蘭縣,大同鄉,,345040000G,林業保育署,9/18/2025 1:49:53 AM
Trail_345040000G_000700,Trail,Zh_tw,礁溪跑馬古道,"跑馬古道早期是先民搬運貨物或日軍巡邏、運輸補給的路線，雖時至今日，古道已翻修拓寬，但早期便於搬運的圓木枕和拖運的木馬仍有部份保留，讓現代人雖然是以悠閒的步調走訪，卻仍能夠感受到先人們匆匆不懈的勤奮步伐，更能體認到臺灣早期開墾的辛苦。 

一走進古道，就可感受到樹林間吹來的清涼微風和芬多精，十分涼爽舒適，道路寬廣且坡度平緩好走，多以碎石道路居多，沿途更有可瞭望蘭陽平原、龜山島之路段、廢棄礦坑、柑橘果園、溪流等，適合闔家前往。
",(03)9882514,,宜蘭縣,頭城鎮,,345040000G,林業保育署,9/18/2025 1:49:53 AM
Trail_345040000G_000800,Trail,Zh_tw,林美石磐步道,"林美石磐步道有著低海拔亞熱帶溪谷的景色，步道沿舊水圳整建，現寬敞平緩好走、又不失幽幽古意；沿途生態豐富，樹林成蔭，潺潺流水，散發陣陣芬多精，走在其中清爽無比，非常適合闔家一起健行。 

步道名稱是由「林美」與「石磐」兩個名字組成，「林美」是指礁溪鄉林美村，而「石磐」指的是石磐瀑布，因此在這條步道中沿途常見溪流瀑布、大小不一的水潭與峽谷地形，景色秀麗，有「宜蘭的小太魯閣」之稱。當陽光透過樹葉射在步道上時，光影迷人，時有樹蛙及昆蟲在葉片上休息，是一條可以呼吸到大自然生動氣息的野趣步道。
",(03)9882514,,宜蘭縣,礁溪鄉,,345040000G,林業保育署,9/18/2025 1:49:53 AM
Trail_345040000G_000900,Trail,Zh_tw,聖母登山步道,聖母登山步道位於宜蘭縣礁溪鄉五峰旗瀑布風景區上方，為天主教徒的朝聖之路，亦是前往蘭陽五岳之一的三角崙山之中繼站。終點的觀景平臺是宜蘭與臺北行政疆界，東臨蘭陽平原、西枕雪山山脈層巒疊翠；而稜線迎風面箭竹綠海隨風飄動、沙沙歌聲，美得讓人駐足忘返。,(03)9882514,,宜蘭縣,礁溪鄉,,345040000G,林業保育署,9/18/2025 1:49:53 AM
Trail_345040000G_001100,Trail,Zh_tw,新寮瀑布步道,新寮瀑布步道於宜蘭冬山中山村進入，沿著新寮溪溪谷溯源而上，全長1.2k。新寮溪因斷層地形發達，形成多座瀑布。步道林相豐富，生態多樣，流水潺潺，蛙鳴鳥語，極適合闔家出遊。第一層步道的前0.9k較為平坦，0.9k後的石階路較陡，但沿路更多激流斜瀑景致。,(03)9580169,,宜蘭縣,冬山鄉,,345040000G,林業保育署,9/18/2025 1:49:53 AM
Trail_345040000G_001200,Trail,Zh_tw,九寮溪自然步道,步道傍溪而行，終年溫暖潮濕。九寮溪由源自於雪山山脈拳頭姆山下的野溪匯集而成，水量充沛，溪水清澈，水溫近乎冷泉，流經多處斷層形成壯觀宏偉的飛瀑。步道入口位於大同鄉公所管轄九寮溪生態園區，步道全線為平坦土石路，輕鬆好走直達瀑布，林蔭茂密、附生植物及蕨類繁盛。,(03)9882514,,宜蘭縣,大同鄉,,345040000G,林業保育署,9/18/2025 1:49:53 AM
Trail_345040000G_001300,Trail,Zh_tw,台灣山毛櫸步道,臺灣山毛櫸步道為太平山森林遊樂區內較長的一條步道。前段較為平坦但雨天多泥濘；2.5公里後坡度變化較大，去程多為下坡，回程為上坡。步道沿途可見殘留的纜線、鐵道路基及轉轍器等林業遺跡，亦可觀察板岩岩壁、翠綠苔蘚、紅檜林、柳杉林、山櫻花林。終點的休閒平臺可眺望銅山上臺灣最大面積的山毛櫸原始林，秋天黃葉耀金，常有遊客慕名而來。,(03)9545114,,宜蘭縣,南澳鄉,,345040000G,林業保育署,9/18/2025 1:49:53 AM
Trail_345040000G_001400,Trail,Zh_tw,翠峰湖環山步道,翠峰湖環山步道環繞著臺灣最大的高山湖泊，循著昔日運材軌道路線整建而成，提供春浴新綠、夏洗雨霧、秋賞紅葉、冬觀白雪的四季體驗。翠峰湖海拔1840公尺，雨季時湖面達25公頃，為臺灣最大的高山湖泊，晨昏變化萬千，四季風情各異。 ,(03)9545114,,宜蘭縣,南澳鄉,,345040000G,林業保育署,9/18/2025 1:49:53 AM
Trail_345040000G_001600,Trail,Zh_tw,茂興懷舊步道,茂興懷舊步道起點為太平山蹦蹦車茂興月臺站，沿舊蹦蹦車軌道整建，坡度平緩，全程有完善的休憩設施與導覽解說牌，遊客可選擇步道主線、上環線、下環線不同的路線搭配。這條日治時期興建的「古運材軌道」，蜿蜒於紅檜、臺灣扁柏、柳杉林間，步道兩旁則滿佈著耐溼蔭的小林木、蕨類與地被植物；沿途穿過林間、繞過山壁、越過水澗，而古樸的鐵軌與工寮遺跡則見證太平山林木盛產的歲月。,(03)9545114,,宜蘭縣,南澳鄉,,345040000G,林業保育署,9/18/2025 1:49:53 AM
Trail_345040000G_001800,Trail,Zh_tw,鐵杉林自然步道,鐵杉林自然步道位處中海拔的針葉林、闊葉林過度帶，因地勢高聳且面迎洋流，致水氣凝聚，終年雲霧瀰漫，宛如人間仙境，亦為太平山莊的水源地。沿途古木參天、蓊鬱蔽日、空氣氤氳。步道入口在太平山莊上方的檜木原始林步道後方，因此必經山莊的四百階中央階梯，兩旁植滿長年楓紅的紫葉槭，是條絕美的紅色隧道。途中有密集的原始紅檜與臺灣扁柏，或俯或倒的巨木造就不少樹洞奇景，盤根錯節，姿態變化多端。,(03)9545114,,宜蘭縣,南澳鄉,,345040000G,林業保育署,9/18/2025 1:49:53 AM
Trail_345040000G_001900,Trail,Zh_tw,見晴懷古步道,步道全長0.9公里，沿路坡度平緩且設有休息用的木椅，老少咸宜。一走入見晴古道，即可看到舊時太平山運送木材之森林鐵路鐵軌，景色清麗幽美，蕨類與披上苔蘚的林木環繞，帶來涼爽潮濕的空氣。從一進入步道即偶有展望點，天氣好時可眺望蘭陽平原及聖稜線，午後易出現瑰麗雲海。後段可見之懸空架高鐵路，人工精巧及時間流逝的痕跡交映，引人懷古之幽情。,(03)9545114,,宜蘭縣,大同鄉,,345040000G,林業保育署,9/18/2025 1:49:53 AM
Trail_345040000G_002000,Trail,Zh_tw,鳩之澤自然步道,步道位於太平山森林遊樂區內的鳩之澤區內，步道與鳩之澤溫泉隔著多望溪，以多望吊橋相通。溫和的氣候、充沛的雨量以及河谷地形，孕育出豐富多樣的生態，沿途有完善的休憩設施；因群山環繞、多望溪穿越，而形成澤地，加以棲息鳥類繁多，鳥鳴聲不絕於耳，而得其名。 ,(03)9545114,,宜蘭縣,大同鄉,,345040000G,林業保育署,9/18/2025 1:49:53 AM
Trail_345040000G_002100,Trail,Zh_tw,望洋山步道,"望洋山標高2,050公尺，步道終點有一景觀平臺，視野佳，可看到南澳北溪侵蝕而成的山谷，也是觀賞日出及雲海的好地點，天色全亮前，還可欣賞蘭陽平原夜景。在望洋山步道眺望太平洋，天氣晴朗時，連龜山島也清晰可辨。",(03)9545114,,宜蘭縣,南澳鄉,,345040000G,林業保育署,9/18/2025 1:49:53 AM
Trail_345040000G_002200,Trail,Zh_tw,朝陽步道,"朝陽步道位於宜蘭縣南澳地區的龜山山丘上；龜山為朝陽社區南側的獨立山頭，東臨花東海岸，西接丘陵起伏之農漁村落，遠遠望去，好似一隻海龜停泊山海之間，遂得其名。 

步道是早年先民入山種植作物的主要山徑，沿途可由步步登高的四個觀景臺俯瞰南澳漁港，遙望蘇花海岸、烏石鼻岬、定情湖、鴛鴦山、神秘海灘，一路有浪潮與海風陪伴，十分愜意。

可欣賞難得一見廣達7公頃的大頭茶純林及百年老梅樹。而登龜山賞日出、聽濤聲更是漫步朝陽步道最愜意的享受。
",(03)9981060,,宜蘭縣,蘇澳鎮,,345040000G,林業保育署,9/18/2025 1:49:53 AM
Trail_345040000G_002300,Trail,Zh_tw,東滿步道,"往來於東眼山與滿月圓兩處國家森林遊樂區之間的健行路徑，自海拔870公尺的東眼山林道終點開始，越過北插天山與東眼山間海拔1,130公尺的鞍部，再直下往海拔500尺的滿月圓瀑布區；主要步道是利用昔日的台車道、木馬道，再與滿月圓往北插天山登山步道連接而成。屬中低海拔常綠闊葉林的楠櫧林帶，沿途針、闊葉樹林交錯，林相鬱閉，孕育豐富多樣的鳥類、昆蟲，加上雲瀑、溪流、瀑布…等自然景觀，是北台灣四季宜人的健行步道。",(03)5224163,241,桃園市,復興區,,345040000G,林業保育署,9/18/2025 1:49:53 AM
Trail_345040000G_002400,Trail,Zh_tw,福巴越嶺國家步道,福巴越嶺古道從烏來福山到巴陵拉拉山，整個路徑貫穿拉拉山巨木區及插天山自然保留區，沿線有許多紅檜巨木，也是野生動物生活的重要棲地環境，物種豐富多樣。古道為早年泰雅人狩獵、通婚、訪親的社路，日治時期設隘勇線、作為山地警備道路，至今仍留有駐在所的遺跡。,(03)5224163,316,新北市,烏來區,,345040000G,林業保育署,9/18/2025 1:49:53 AM
Trail_345040000G_002500,Trail,Zh_tw,北插天山登山步道,"北插天山又稱為塔開山，是雪山山脈北段著名的中級山，是大漢溪支流宇內溪的源頭，地處桃園市復興區義盛村。

山形峻峭挺拔，又因為地處雲務帶，每當山嵐湧起，如一倒插天際的樣貌，得名「插天山」。 溫帶氣候的山林，孕育著無數令人嘆為觀止的神木，也造就出大片山毛櫸純林。春夏，綠油油的森林裡，鳥語啁啾；深秋，山毛櫸的葉片轉為金黃，隨風搖曳、緩緩落下，美不勝收；隆冬，林間銀白的霧淞和遠方白靄靄的聖稜線，更是一絕。
",(03)5224163,241,桃園市,復興區,,345040000G,林業保育署,9/18/2025 1:49:53 AM
Trail_345040000G_002600,Trail,Zh_tw,霞喀羅國家步道,"Syakaro霞喀羅為泰雅族語的烏心石，因山區盛產此樹而得名。古道橫跨新竹縣五峰鄉、尖石鄉，是早期當地部落的聯外交通要道。 霞喀羅國家步道是一處具歷史與美景的夢幻級古道，沿線可看見日治時期，日人為討伐尖石、五峰一帶部落修築之駐在所、電線杆、碉堡、紀念碑、土牆及砲台遺址，步行其間，在解說牌的介紹之下，可以了解這一條有著可歌可泣的歷史古道背後的許多故事。 

沿途景觀秀麗，吊橋、山澗林相美不勝收，栗園的竹林與馬鞍的楓香林，尤其迷人，讓人忍不住駐足流連。而步道有多處極佳的賞楓點，入秋時可見滿山火紅的楓樹林，是知名的賞楓景點。",(03)5224163,241,新竹縣,尖石鄉,,345040000G,林業保育署,9/18/2025 1:49:53 AM
Trail_345040000G_002700,Trail,Zh_tw,大霸尖山登山步道,"大霸尖山海拔3492公尺，屬於雪山山脈，是聖稜線端點之一，因山勢磅礡奇特，而有「世紀奇峰」之美譽，自古是泰雅、賽夏兩原住民族的聖山；其山形突出、四面懸壁，外貌有如大酒桶，又稱「熬酒桶山」或「酒桶山」，與中央尖山、達芬尖山，合稱為「台灣三尖」。 

大霸尖山步道可登加利山、伊澤山、大霸尖山、小霸尖山共四座百岳。 九九山莊海拔約2700公尺，是大霸步道上重要的前進基地，也是舒適的住宿地點，容納150床位，更是賞觀霧地區、看夕陽、觀星空的好地方。
",(03)5224163,241,新竹縣,尖石鄉,,345040000G,林業保育署,9/18/2025 1:49:53 AM
Trail_345040000G_002800,Trail,Zh_tw,桶後越嶺步道,"桶後越嶺步道是一條穿越雪山山脈，從大台北直接進入宜蘭的越嶺步道，而且難度不高，半天就能走完。此外，桶後溪的溪流地形豐富，不同的區域呈現全然不同的風景，據說「不至桶後，不知台北溪流之美。」 

桶後越嶺步道是烏來山區三大古道之一，是早期泰雅族由雪山山脈地區北上打獵遷移走出的路徑，現已成為登山健行的熱門路線。
",(03)5224163,241,新北市,烏來區,,345040000G,林業保育署,9/18/2025 1:49:53 AM
Trail_345040000G_003000,Trail,Zh_tw,紅河谷越嶺步道,紅河谷越嶺步道是早期往來烏來加九寮與三峽熊空的路徑，步道沿著熊空溪與加九寮溪而行。,(03)5224163,241,新北市,烏來區,,345040000G,林業保育署,9/18/2025 1:49:53 AM
Trail_345040000G_003100,Trail,Zh_tw,哈盆越嶺步道,哈盆越嶺步道聯絡新北市與宜蘭兩地，歩道沿南勢溪而上往露門溪、哈盆溪前去。整建的步道止於露門溪交會地，再原路折返，來回約14公里，費時6～7小時。步道下方為南勢溪，林相為闊葉樹群落，著生的鳥巢蕨、書帶蕨等交織成亞熱帶森林景緻。步道終點仍留有警備道遺址。,(03)5224163,241,新北市,烏來區,,345040000G,林業保育署,9/18/2025 1:49:53 AM
Trail_345040000G_003400,Trail,Zh_tw,塔曼山步道,塔曼山為新北市第一高峰，海拔2130公尺。沿途蓊鬱茂密，樹形奇特，巨木參天，倒木亦多，可見證山林榮枯。步道多為盤根錯節的樹根及土石路面，山頂腹地不大且無展望。,(03)5224163,241,桃園市,復興區,,345040000G,林業保育署,9/18/2025 1:49:53 AM
Trail_345040000G_003500,Trail,Zh_tw,北得拉曼巨木步道,"北得拉曼是部落裡泰雅人視之為「聖域」的傳統狩獵領域，為台灣少見海拔低於1,000公尺以下的紅檜林。林相隨海拔高度變化，從人工造林地、天然闊葉林區及檜木林帶，多樣的植物孕育豐富的動物，步道上可見動物丟棄的果實，尤其闊葉林中以飛鼠最常見，成為部落發展生態旅遊的要角，沿途有迴音谷、小瀑布等景點，1.6公里處下行往巨木群的步道為一循環線，沿途可欣賞四株紅檜巨木，號稱「四大天王」。",(03)5224163,241,新竹縣,尖石鄉,,345040000G,林業保育署,9/18/2025 1:49:53 AM
Trail_345040000G_003600,Trail,Zh_tw,馬里光瀑布步道,馬里光瀑布步道短小精緻，平緩好走，沿途植被豐富，俯瞰溪谷在翠綠山巒之中蜿蜒，步行10分鐘即可聽到氣勢磅礡的水聲，一條白練從天而降，瀑布高約80公尺、寬約30公尺，注入碧綠深潭之中，聲勢浩大、雄偉壯觀，觀景平台設有長椅，坐在這裡欣賞瀑布一瀉千里的英姿，享受水氣氤氳，聆聽淙淙流水聲，愜意怡人。,(03)5224163,241,新竹縣,尖石鄉,,345040000G,林業保育署,9/18/2025 1:49:53 AM
Trail_345040000G_003800,Trail,Zh_tw,鎮西堡巨木群步道,"泰雅語稱鎮西堡部落為Cinsbu，意即「清晨熟睡中，陽光已經朗照大地，整天日曬不絕、直到黃昏，白晝溫暖、夜晚寒冷，這是個病蟲絕跡，作物生長良好的土地。」這裡孕育了全台最大的檜木原始林，隔著塔克金溪與司馬庫斯巨木群互望，東向宜蘭鴛鴦湖一帶，與棲蘭檜木原生林連成一片。 

此處最知名的神木是擁有男、女性生殖器象徵的「亞當神木」及「夏娃神木」，維妙維肖的樹型令人印象深刻；此外，國王神木身形龐大、體態魁武，為全台灣神木排行榜第17名。
",(03)5224163,241,新竹縣,尖石鄉,,345040000G,林業保育署,9/18/2025 1:49:53 AM
Trail_345040000G_004200,Trail,Zh_tw,鳥嘴山登山步道,地處汶水溪南岸因山形有如巨鷹，山麓兩翼如翅，山頂突出的尖峰如鳥嘴，故得名，與鄰近的橫龍山、虎子山，形成鳳、 龍、虎三獸磐據的態勢，故有「水雲三星」之稱。鳥嘴山又稱上島山，因特殊的地質與地形結構，單程3.3公里的路程要爬昇海拔837公尺，所以步道陡峭、形勢險峻。沿途多為衫木造林及闊葉木林，山頂視野良好，可飽覽加里山、哈堪尼山、橫龍山、及虎子山之山勢。 ,(03)5224163,241,苗栗縣,泰安鄉,,345040000G,林業保育署,9/18/2025 1:49:53 AM
Trail_345040000G_004300,Trail,Zh_tw,加里山登山步道,"加里山登山步道聯絡南庄蓬萊、風美及鹿場，沿途為柳杉人工造林及闊葉林，林下植被多以蕨類和耐蔭性物種為主，風美溪從中穿越，動植物生態豐富。

沿途可見伐木時期的台車鐵軌，見證當年興盛的林業，且加里山為中北台名山，為一等三角點，山頂視野遼闊，可遠眺氣勢磅礡的雪山聖稜線和鄰近的鹿場大山。 
",(03)5224163,241,苗栗縣,南庄鄉,,345040000G,林業保育署,9/18/2025 1:49:53 AM
Trail_345040000G_004400,Trail,Zh_tw,五指山登山步道,五指山由五座山頭相連並列，宛如五指而得名，在清朝即享有盛名，「淡水廳志」中以「指峰凌霄」來形容山勢險要壯觀，並列為八景之一：日治時期被票選為全台風景十二勝之一。步道沿途遍植柳杉，綠意盎然，林景幽雅，因山勢俊秀靈奇，所以建有許多廟宇，雲光寺、玉皇宮及觀音禪寺等。山頂視野遼闊，峨眉、北埔、新竹、竹北等盡收眼底。,(03)5224163,241,新竹縣,北埔鄉,,345040000G,林業保育署,9/18/2025 1:49:53 AM
Trail_345040000G_004600,Trail,Zh_tw,冬瓜山登山步道,"冬瓜山登山步道位於俗稱冬瓜山的洗水山上，步道並未修築至冬瓜山頂，而終點為千年櫸木。

冬瓜山區多人造柳杉林，筆直高聳的杉木林立，森幽鬱閉。春季展新葉、秋季轉黃、紅，冬季落葉後樹形猶如一支大掃把，蔚為特色。山腳邊客家農莊遍植桃、李，每年開花時節，蒼鬱的冬瓜山在一片紅白花海的烘托下，更顯得翠嫩鮮綠。穿梭在林間可窺見遠處的虎山、上島山、加里山，不時也會發現幾棵高頭大馬的九芎、櫸木。

幾乎垂直的雄偉石壁也是步道一絕，過了大石壁之後會遇到幾段小崩塌和碎石坡，只要小心謹慎，便可安全通過。 來到步道盡頭，千年櫸木赫然矗立在眼前，它的塊頭或許沒有阿里山神木那麼大，卻是目前全台已知最大棵的櫸木，站在它面前，壯漢也顯得嬌小。
",(03)5224163,241,苗栗縣,泰安鄉,,345040000G,林業保育署,9/18/2025 1:49:53 AM
Trail_345040000G_004700,Trail,Zh_tw,馬那邦山登山步道,"馬拉邦古道為早年泰雅族北勢群交通往來及狩獵的山徑，日治時代闢為隘勇路，曾發生泰雅族人抗日事件，立有紀念碑。步道經杉木造林地、櫸木植群，四季各有特色，春天的桃花、夏季的綠竹、秋天的楓紅，冬日的寒梅。山頂可遠眺蜿蜒群山的大安溪、大霸尖山及雪山之間的聖稜線。 

馬那邦山秋夏多雨、冬季乾燥，傳統路徑從上湖登山口進入，到海拔1250公尺左右的古戰場紀念碑，青楓、楓香樹林一路延伸到了岳界所稱「慶榮坡口」，深秋時滿山楓紅。

天然湖登山口0.7K處為1944年所栽種台灣櫸母樹林，樹葉四季幻化，春吐紅蕊、夏葉翠綠、秋染褐黃、冬枝蕭索，是山區秋賞變葉植物的指標性物種之一。
",(03)5224163,241,苗栗縣,泰安鄉,,345040000G,林業保育署,9/18/2025 1:49:53 AM
Trail_345040000G_004800,Trail,Zh_tw,橫嶺山步道,"橫嶺山自然步道，是日治時代大雪山社區居民用來搬運木材的木馬道，是當時大雪山林場的木馬古道之一，故又稱為橫嶺山木馬古道，沿途仍留有廢棄的運材木馬及荒廢的燒炭窯等遺跡，林道2.3K處的廢棄工寮僅剩下石頭地基，為當時伐木歷史留下見證。 

步道全長6.6公里，沿途生態豐富，林相優美，起點為大雪山林道26.5K的橫嶺山隧道口前，終點至大雪山生態教室。前3.5K路況平緩，林木參天，踩踏在鋪滿松針落葉的林徑上，輕鬆好走愜意。3.5K後則較為陡峻且落差較大，一路陡下2000多階以枕木、沙包建構的生態階梯沿木階。4K附近有台灣特有種杜鵑林。若安排原路往返，則有2000多階的上坡，較為吃力，可安排二地接駁較為輕鬆。
",(04)25150855,,臺中市,和平區,,345040000G,林業保育署,9/18/2025 1:49:53 AM
Trail_345040000G_004900,Trail,Zh_tw,大雪山國家森林遊樂區步道群,大雪山國家森林遊樂區在日治時期為台灣中部地區重要的伐木林場，據說當年此處的大草原風光宛如日本北海道的大雪山景色，因此日本人命名為「大雪山」。從東勢循大雪山林道向上攀升，沿途林相隨著海拔高度變化，逐漸由闊葉林、針闊葉混合林轉變為天然針葉林，由於位處雲霧帶，氣象變化萬千。園區規劃多條步道，隨四季更迭各有其獨特丰采，春夏高山花卉，秋冬變葉景觀；也是觀察星象的最佳地點。,(04)25150855,,臺中市,和平區,,345040000G,林業保育署,9/18/2025 1:49:53 AM
Trail_345040000G_005100,Trail,Zh_tw,德芙蘭步道,德芙蘭步道位於博愛村松鶴德芙蘭部落後山附近，步行約3小時。步道大部分路段為台電保線道路，沿著東卯山東南面大崩壁裙裾修建，東臨大甲溪；沿途可見陡峭的大岩壁及散落的大、小落岩塊，步道上偶有大石堆疊，得手腳並用攀爬而上；而就地取材的石階，古意盎然。步道沿途可見大葉楠、櫸木及茄苳巨木，還有粗壯的爬藤植物，是步道最大的特色。,(04)25150855,,臺中市,和平區,,345040000G,林業保育署,9/18/2025 1:49:53 AM
Trail_345040000G_005200,Trail,Zh_tw,八仙山主峰步道,八仙山因海拔約八千日尺，原擬名「八千山」，之後以較典雅的「八仙山」名之，為谷關七雄之首，以健行的步伐來回約需8小時，步道前半段坡度較陡，上了稜線後較為平緩，全程走在林蔭中，植被由常綠闊葉林進入四季變化明顯的針闊葉混合林，四季景色繽紛多變。,(04)25150855,,臺中市,和平區,,345040000G,林業保育署,9/18/2025 1:49:53 AM
Trail_345040000G_005300,Trail,Zh_tw,東卯山步道,"東卯山，海拔1,692公尺，谷關七雄排名第五，原為台電之保線道路。沿線風景秀麗，生態資源豐富多樣，登山路徑呈和緩的之字坡向上攀升，寬大好走，是座很容易親近的山。 登頂後腹地寬廣，設有大型微波反射板，視野遼闊，擁有360度絕佳的好風光，天氣良好時除可遠眺松鶴部落外，鳶嘴、稍來、馬崙山、八仙山稜脈、唐麻丹山之山巒美景盡收眼底。",(04)25150855,,臺中市,和平區,,345040000G,林業保育署,9/18/2025 1:49:53 AM
Trail_345040000G_005400,Trail,Zh_tw,唐麻丹山步道,唐麻丹山步道位於大甲溪南岸，在谷關七雄中排行最末，也是七雄中海拔高度最矮的一座，雖然高度最矮，但由登山口至山頂的落差超過650公尺，仍然是相當挑戰的路線。 唐麻丹山登山口位於裡冷部落，山頂展望為七雄最佳，向東可以眺望八仙山及馬崙山，向西則是白毛山與阿冷山，向北則與東卯山及屋我尾山遙遙相望。往山頂的途中有一條通往蝴蝶谷瀑布的步道，可視體力及時間選擇是否順訪，唐麻丹山步道是谷關七雄中唯一一條具有瀑布景觀的步道。,(04)25150855,,臺中市,和平區,,345040000G,林業保育署,9/18/2025 1:49:53 AM
Trail_345040000G_005500,Trail,Zh_tw,波津加山步道,波津加步道位於大甲溪北岸，在谷關七雄中排行第四，昔日為台電保線道路，林徑旁仍能見到倒臥的老舊木製電桿及固定用鋼索。「波津加」名稱的由來據說是因步道坡度陡峭，許多登山者形容其「坡真陡」（閩南語諧音）。由於高低差約1千公尺，全段幾乎都在爬升，來回時間需7～8小時。,(04)25150855,,臺中市,和平區,,345040000G,林業保育署,9/18/2025 1:49:53 AM
Trail_345040000G_005600,Trail,Zh_tw,屋我尾山步道,屋我尾山位於大甲溪北岸，為谷關七雄中的老三。步道沿路環境多樣，有杜鵑林，稜線上矮密的風衝林、杉木造林地、針闊混合林與楠櫟林；林下潮濕的枯枝倒木與落葉層上有著成簇之蕈叢。天氣晴朗時，從步道的破空處可遠眺周圍群山。,(04)25150855,,臺中市,和平區,,345040000G,林業保育署,9/18/2025 1:49:53 AM
Trail_345040000G_005700,Trail,Zh_tw,馬崙山步道,"馬崙山為雪山山脈白姑大山向西延伸之山岳，「谷關七雄」中排行老二，是中部著名的中級山。 步道0K至1.8K，以及通往八壯士神木的支線，過去合稱為「斯可巴步道」，是早期泰雅族原住民狩獵的場所之一，也是昔日新山林場之木馬道；而通往馬崙山的路徑則是早年新山分場員工運補生活用品修築的步道。
先總統蔣介石先生曾到此視察，隨後下令將登山步道重新整修拓寬，保留伐木歷史遺跡，並新建涼亭、觀景台等設施。 
馬崙山步道二葉松夾道，滿地松針與楓葉，走起來柔軟有彈性，秋季楓葉轉紅，更是有如紅地毯般的美麗。途經百年五葉松媽媽時，可聆聽松濤聲有如一波波海浪襲捲而來，伴隨著空氣中飄散著松香，令人心曠神怡。步道旁的展望平台可俯看谷關風光，遠眺山巒優美曲線，視野極佳，可說是谷關地區最優美的步道。
",(04)25150855,,臺中市,和平區,,345040000G,林業保育署,9/18/2025 1:49:53 AM
Trail_345040000G_005900,Trail,Zh_tw,白毛山步道,白毛山位於大甲溪南岸，屬於谷關七雄中的老六，三角點約為1522公尺，擁有七雄中難得的展望。白毛山以闊葉次生林為主，及大面積的柳杉造林地，濃密的植被吸引許多大型哺乳動物和鳥類來此覓食。步道沿途多處陡峭地勢，三角點前的崩塌地可俯瞰大甲溪、谷關大道院，眺望東卯山、唐麻丹山等美景，山頂有木造涼亭可供休息。,(04)25150855,,臺中市,和平區,,345040000G,林業保育署,9/18/2025 1:49:53 AM
Trail_345040000G_006000,Trail,Zh_tw,鳶嘴稍來小雪山國家步道,鳶嘴稍來國家步道為中部地區中海拔熱門登山路線，鳶嘴山、稍來山是可以分開走的兩條步道，其中鳶嘴山以險峻危崖出名，而稍來山以秋天滿佈的台灣紅榨槭為名，兩山連走沿途峭壁綿延、景觀秀麗。 船型山、鞍馬山位於大雪山森林遊樂區內，雪山山脈中末段稜脊，由稍來小雪山國家步道串連，從35.2k收票亭附近登山口起登，至49k小雪山旅遊資訊站停車場，本路段長約10公里。,(04)25150855,,臺中市,和平區,,345040000G,林業保育署,9/18/2025 1:49:53 AM
Trail_345040000G_006100,Trail,Zh_tw,合歡尖山步道,合歡尖山，海拔高度3217公尺，屬於合歡群峰之一，但未在百岳之列。其數學課教具一般的角錐型外觀給人留下深刻印象。其特殊外型是冰河時期兩個或多個相鄰的冰河朝不同方向挖削而形成的，此種原因形成之地形稱為角峰，或稱冰斗峰。步道不長，但山勢拔地而起，坡度陡峭，北面為新建之階梯式木棧道，南面則以岩石及土徑為主，灰石嶙峋，箭竹夾道，沒有高聳的樹木遮蔭，部分路段需拉繩、手腳併用而上。山頂腹地小但展望佳，合歡群峰盡收眼底，亦可遠眺奇萊主、北等中央山脈群山。,(049)282980,,南投縣,仁愛鄉,,345040000G,林業保育署,9/18/2025 1:49:53 AM
Trail_345040000G_006200,Trail,Zh_tw,合歡東峰步道,合歡東峰海拔3421公尺，百岳編號35號，登山口位於台14甲線33公里處的合歡山遊客中心附近。步道四季景色分明，春季野花綻放，夏季綠意盎然、秋季蕭瑟、冬季覆雪，景緻各有千秋。步道沿線為玉山杜鵑族群最為集中之處，每逢5、6月間，桃紅色花海點綴著山頭滿山的奼紫嫣紅。昔日在坡度較為平緩的東峰東側曾設有滑雪訓練場，因此步道沿途可見廢棄的纜車轉運站。,(049)2802980,,花蓮縣,秀林鄉,,345040000G,林業保育署,9/18/2025 1:49:53 AM
Trail_345040000G_006300,Trail,Zh_tw,桃山瀑布步道,"桃山瀑布名列全台六大瀑布之一，位於桃山之中，而桃山名稱的來由為遠看山形如桃子般。 

步道散發著松枝的清香，全程林蔭幽幽，彷彿是童話故事般森林裡的場景。 步道緩緩而上，沿途經過的武陵吊橋在秋日染上一片火紅，而橋下的台灣國寶「臺灣櫻花鉤吻鮭」正悠游其中；途中的觀景點景色遼闊，可遠眺桃山、雪山山脈，並可俯瞰武陵全景。桃山瀑布於步道盡頭，原稱煙聲瀑布，海拔2500公尺，高約80公尺，雨季過後水量驚人壯觀，抵達瀑布底下，記得在山壁上找找日漸斑駁的「煙聲」二字。
",(04)25989208,,臺中市,和平區,,345040000G,林業保育署,9/18/2025 1:49:53 AM
Trail_345040000G_006600,Trail,Zh_tw,能高越嶺道：東段,能高越嶺道全長26.5公里，越嶺道里程數計算是以西段南投屯原登山口(0公里)開始，至東段登山口26.5公里處為步道終點，而光被八表碑位於越嶺道15.5公里處，是越嶺道經中央山脈的越嶺點，也是越嶺道西段與東段的分界點。故能高越嶺道東段是指從東段登山口海拔1582公尺至光被八表碑海拔2787公尺，全長11公里，海拔爬升1205公尺，途中經五甲崩山、檜林保線所及上檜林吊橋等路段。,(03)8527526,,花蓮縣,秀林鄉,,345040000G,林業保育署,9/18/2025 1:49:53 AM
Trail_345040000G_006700,Trail,Zh_tw,桃源里森林步道,"桃源里森林步道位於八卦山大佛風景區南麓，毗臨三清宮、八卦禪寺、慈惠堂及東山禪院等廟宇，由森林步道、龍鳳谷步道、幽蘭谷步道、體適能區步道組合而成，是居民漫步與運動健身的後花園。

沿線有吊索橋、體健設施休憩區、觀景平台等設施，景觀豐富。 步道植物多元，春季有白色油桐花，再由相思樹金黃花海接棒，夏季有楊桃林、龍眼林、荔枝林等果樹散發著芳香的氣味，以及歡喜生態園自然生態環境，吸引鳥類、昆蟲、蝴蝶等生物棲息繁殖。清明時節成群的灰面鵟鷹北返過境八卦山脈，得天獨厚的地理環境優勢，是觀賞野鳥與賞鷹的聖地。
",(049)2642003,,彰化縣,彰化市,,345040000G,林業保育署,9/18/2025 1:49:53 AM
Trail_345040000G_006900,Trail,Zh_tw,清水岩步道群,清水岩步道群位於彰化縣社頭鄉清水岩寺旁，包含3條步道，分別是十八彎挑鹽古道、中央嶺造林步道及園區串連步道，林相優美，步道難易適中，構成路線完整、景觀多樣的步道系統。,(049)2642003,,彰化縣,社頭鄉,,345040000G,林業保育署,9/18/2025 1:49:53 AM
Trail_345040000G_007000,Trail,Zh_tw,麒麟山森林步道,"麒麟山森林步道位於彰化縣田中鎮贊天宮與普興寺的後方，由南投縣分署採自然工法整建而成，施工時刻意保留原有的大樹，從左右繞道而行，成了饒富趣味與巧思的離樹棧道。 

沿途設有多處觀景平台、涼亭和露天體能設施，綠樹成蔭、景致優美，木棧道左鄰深壑、右望山谷，稜線上視野遼闊，能欣賞到南側壯觀的相思樹海和惡地地形的峭壁與深谷，西邊可俯瞰田中市區與彰化平原風光。 全程起伏落差不大，可一邊運動一邊賞景環繞一圈、返回起點，適合全家老小戶外踏青、扶老攜幼同遊山林。
",(049)2642003,,彰化縣,田中鎮,,345040000G,林業保育署,9/18/2025 1:49:53 AM
Trail_345040000G_007200,Trail,Zh_tw,坑內坑森林步道,坑內坑森林步道原為早先居民要上松柏嶺受天宮進香，因此走出的一條進香古道，串連彰化縣與南投縣兩地。沿途有生態工程展示區、生態觀察區、觀景平臺。每年三月黃金風鈴木開著金黃的花朵，化為延綿幾百公尺的黃金隧道，是一大特色。 ,(049)2642003,,彰化縣,二水鄉,,345040000G,林業保育署,9/18/2025 1:49:53 AM
Trail_345040000G_007500,Trail,Zh_tw,澀水森林步道,"澀水森林步道位於南投縣魚池鄉中潭公路西南側大雁隧道旁澀水社區內，由金天宮旁開始進入森林步道，沿途可見社區主要經濟作物-茶葉、蓊鬱森林、天然溼地及瀑布溪流等棲地環境。
因有桃米坑溪上游及澀水溪貫穿，擁有豐富多樣的蛙類、鳥類、哺乳類及昆蟲。",(049)2982155,,南投縣,魚池鄉,,345040000G,林業保育署,9/18/2025 1:49:53 AM
Trail_345040000G_007800,Trail,Zh_tw,龍過脈森林步道,"龍過脈森林步道串連林內鄉的林中、林南及坪頂三村。林內山脈和草嶺、南投縣竹山鎮的層峰疊延，與觸口山、東甲山相連，相傳從草嶺、竹山交界處往低山俯瞰，林內境內山脈稜線狀似一條龍的背脊，到濁水溪與清水溪交會口時，又像是龍汲水，因此得名「龍過脈」。

步道有豐富多元的自然與人文景觀。 從鐵管坑段入口進入，首先經過林內公園，公園的前身是神社，因此有鳥居靜靜矗立。 登上龍脊，稜線上的展望很好，可眺望雲林地區，也可以看見八卦山山脈。下稜線進入林蔭間，天然的低海拔次生林生態資源相當豐富，可能會遇到大冠鷲和台灣獼猴，或是珍貴的八色鳥。春天時可以遇見美麗的紫斑蝶群。這條龍平易近人，兼具人文歷史和自然美景，適合親子同遊。
",(049)2642003,,雲林縣,林內鄉,,345040000G,林業保育署,9/18/2025 1:49:53 AM
Trail_345040000G_007900,Trail,Zh_tw,二崙自然步道,"二崙自然步道位於台19線西邊27公頃的保安林地內，日治時期名為四番地，河床的沙土經年累月積沙成丘，如今規劃成為綠意盎然的生態步道園區。

步道順著沙丘地形起伏，走在鬆軟金黃的沙地上，非常特別。沿途規劃設置了文竹棧道、吊橋、觀湖平臺、戶外昆蟲教室、會呼吸的涼亭以及休憩區等。 其中文竹棧道兩旁種滿俗稱新娘草的文竹，充滿浪漫氛圍，步道設有植物生態解說牌，健行之餘亦可增長見聞，步道至底有觀湖平臺，眺望湖面風光明媚，由另一條路回程環形一圈，十分悠閒輕鬆，老少咸宜。 
",(049)2642003,,雲林縣,二崙鄉,,345040000G,林業保育署,9/18/2025 1:49:53 AM
Trail_345040000G_008000,Trail,Zh_tw,塔山步道,大塔山與西邊的小塔山及其數座山岳合稱為塔山山系，是鄒族心目中的聖山。塔山步道起點為姊妹潭之妹潭旁，前段與阿里山森林鐵路併行，前2公里枕木棧道平緩好走，欣賞高聳的檜木林，享受芬多精森林浴，最後1.5公里較為陡升。終點是塔山頂觀景台，擁有360度視野，可欣賞阿里山森林遊樂區全景，以及遠眺玉山群峰壯麗優美的景緻。,(05)2787006,,嘉義縣,阿里山鄉,,345040000G,林業保育署,9/18/2025 1:49:53 AM
Trail_345040000G_008100,Trail,Zh_tw,特富野古道,"特富野古道位於嘉義縣阿里山鄉，原為鄒族人早年開闢的獵徑，日治時期古道後段改建成運送林木的「水山線」鐵路，至今仍留有許多鐵道遺跡。
步道前段鐵道較為平緩，沿途遍植柳杉，景色非常美麗；後段則是陡下的枕木階梯步道，為闊葉原始森林，四季景觀變化多端，動植物生態豐富，是極佳的賞鳥步道。
",(05)2787006,,嘉義縣,阿里山鄉,,345040000G,林業保育署,9/18/2025 1:49:53 AM
Trail_345040000G_008200,Trail,Zh_tw,嘉南雲峰步道,因位於嘉義、南投、雲林三縣交界故名「嘉南雲峰」。翠綠的孟宗竹林，十分優美，全程幾乎曬不到太陽，石壁山及好望角視野極佳，展望層疊的山巒，蜿蜒曲折的清水溪。,(05)2787006,,雲林縣,古坑鄉,,345040000G,林業保育署,9/18/2025 1:49:53 AM
Trail_345040000G_008300,Trail,Zh_tw,瑞太古道,"瑞太古道舊稱幼哈林道，為連結瑞里及太和之山道，至今超過百年歷史。

清光緒年間，漢人以獵槍、鐮刀等日常生活用品，和當地原住民交換土地，移入的住民增加，因而開闢瑞太古道方便各聚落間的聯繫，是早期先民遷徙入墾與農產運輸的主要交通要道。 後來日治時期，為方便瑞里、太和地區居民擔送農產與通學，1931年古道進行修改工程。抹油坑、英雄坡、魔窟石洞到回頭嶺這一段，是始建於清代1870年代的古道，而抹油坑、望天崖到回頭嶺這段，是1931年改建的古道。 古道全程行走在孟宗竹林之中，當陽光穿透間隙灑下光束時，特別寧靜，而一路竹林聲沙沙作響。
",(05)2787006,,嘉義縣,梅山鄉,,345040000G,林業保育署,9/18/2025 1:49:53 AM
Trail_345040000G_008400,Trail,Zh_tw,四大天王山步道,"四大天王是由四天皇山、青園山、篤鼻山、知鳥山等四座山峰的統稱，象徵如四位山王守護著水社寮、交力坪一帶的山區，又稱為「四季平安山」。

由水社寮火車站登山口起登，涓涓小溪相伴，茂密的孟宗竹林夾道，蒼鬱翠綠，十分幽靜，時而光影婆娑，時而雲霧飄渺，有如世外桃源，步道環繞著四天皇山，高點海拔1458公尺，無三角點，有一座休憩平台座落竹林之中，途中可觀賞阿里山森林鐵道、古樸的水社寮車站、茶園、山巒層疊、雲海翻騰等美麗景緻。
",(05)2787006,,嘉義縣,竹崎鄉,,345040000G,林業保育署,9/18/2025 1:49:53 AM
Trail_345040000G_008500,Trail,Zh_tw,獨立山步道,"嘉義縣內群山連綿，唯有獨立山行單影孤，孑然而立，因而得名。獨立山步道前身為獨立山古道，最早為先民運送山下日常必需物品至山區而闢的古道。日治時期為運送林產而修建阿里山鐵路，在獨立山環繞三週而達山頂。 
獨立山古道規劃為獨立山國家步道，難易度低，適合親子共遊。沿途可見溪谷、鐵道、隧道、吊橋，景觀多變。螺旋三次而上的鐵道更是特有的景觀。
",(05)2787006,,嘉義縣,竹崎鄉,,345040000G,林業保育署,9/18/2025 1:49:53 AM
Trail_345040000G_008600,Trail,Zh_tw,獨立山-大巃頂步道,獨立山至大巃頂步道又名紅南坑森林古道，步道起點為紅南坑的奉天岩（H874m）到大巃頂山頂的大巃頂休閒民宿附近，步道長約1550公尺左右，沿途會經過檳榔園、孟宗竹林，單程約需一小時的步程。雖是獨立山古道中最長的一段，但站在坪頂上，放眼望去皆為茶園，視野遼闊，展望極佳。,(05)2787006,,嘉義縣,竹崎鄉,,345040000G,林業保育署,9/18/2025 1:49:53 AM
Trail_345040000G_009000,Trail,Zh_tw,石夢谷步道,"石夢谷步道位於阿里山鄉豐山村，為清水溪支流的石鼓盤溪上游，砂質岩塊河床因溪水沖刷而形成壺穴，終點為一平整之大石盤，景觀非常獨特。

步道前段較平坦好走，行至情人谷可觀瀑布。因山區多雨多霧，沿途林木多有地衣及松蘿附著生長，林木幽深蓊鬱，富有原始森林氣息。",(05)2787006,,嘉義縣,阿里山鄉,,345040000G,林業保育署,9/18/2025 1:49:53 AM
Trail_345040000G_009200,Trail,Zh_tw,茶之道步道,"茶之道步道是「頂石棹步道群」的一員，漫步其上，可以欣賞茶園風光與柳杉林、轎蒿竹與孟宗竹林交錯銜接的奇特景緻。 步道前段主要以轎篙竹林及孟宗竹林為主，漫步於竹林小徑，聽竹葉隨風搖曳與蟲鳴合奏，心情的舒暢無以言喻，令人陶醉其中不想離去。 

茶之道步道中段主要以茶園風光為特色，沿途崇山峻嶺，綠意盎然。 高聳挺拔的柳杉是森林浴的主角，原產於日本，由於生長快速且具經濟價值，在日治時期是重要的造林樹種。漫步於柳杉林中，微風徐徐，蟲鳴鳥叫合奏著森林交響曲，一面接受芬多精的洗禮，一面聆賞山林自然天籟，頓覺神清氣爽通體舒暢。 穿過竹林，走過茶園，映入眼簾的是步道制高點樂野山(九層巃坪山)，海拔約1696公尺，讓人心思開闊，是石棹觀賞日出最佳的地點。",(05)2787006,,嘉義縣,阿里山鄉,,345040000G,林業保育署,9/18/2025 1:49:53 AM
Trail_345040000G_009300,Trail,Zh_tw,對高岳森林浴步道,"對高岳森林步道位於阿里山國家森林遊樂區內，是一條風景宜人的森林生態步道。

由祝山林道3.2公里與祝山線鐵路交會處的入口起登，步道終點為對高岳。 步道前段徜徉在針葉樹的環抱裡，一片優美的柳杉林，途中可展望對高岳的斷崖、遠眺下方的信義鄉神木村和陳有蘭溪一帶，穿過一片台灣冷杉造林地，最後抵達對高岳，周遭是茂密的台灣紅榨楓。秋冬時節，或淺或深的紅葉渲染了整個山頭，耀眼奪目。 步道終點對高岳山頂設置一處觀景台，遠眺諸山，隱約可見玉山群峰、祝山和塔山。
",(05)2787006,,嘉義縣,阿里山鄉,,345040000G,林業保育署,9/18/2025 1:49:53 AM
Trail_345040000G_009400,Trail,Zh_tw,阿里山國家森林遊樂區巨木群步道,阿里山神木傾倒後，為防止踐踏土壤、保護紅檜巨木及樹根，逐漸整理園區內神木，並分2段開闢穿梭於36株紅檜巨木群中興築巨木群步道，以供遊客觀賞阿里山地區最古老、且具生命力的檜木群；光武檜（香林神木）、千歲檜、樹靈塔、神木車站等皆為重要景點。,(05)2787006,,嘉義縣,阿里山鄉,,345040000G,林業保育署,9/18/2025 1:49:53 AM
Trail_345040000G_009500,Trail,Zh_tw,二萬坪步道,二萬坪步道，又稱作黑森林步道，柳杉高聳入天，林相十分優美，途經「進藤熊之助」、「二宮英雄」二座紀念碑。整片的柳杉是阿里山伐木時期結束後，植樹時期所種。杉林濃密，即便在中午時分也只有一半的日光照射進來，稍早或稍晚都很昏暗，故有黑森林之稱。,(05)2787006,,嘉義縣,阿里山鄉,,345040000G,林業保育署,9/18/2025 1:49:53 AM
Trail_345040000G_009600,Trail,Zh_tw,十字路來吉古道,"十字路來吉古道，入口位於十字路車站旁，海拔高度約1500公尺，古道原長5.4公里，為過去來吉居民對外聯繫道路，擁有重要歷史意義。
林業及自然保育署修繕十字路附近0.7公里長的自然步道，以山徑與石階為主，其餘4.6公里為產業道路，由此下坡可至海拔800公尺的來吉。步道沿途有柳杉林、桂竹林與小橋流水，自然生態非常豐富。
",(05)2787006,,嘉義縣,阿里山鄉,,345040000G,林業保育署,9/18/2025 1:49:53 AM
Trail_345040000G_009800,Trail,Zh_tw,里佳-山美步道,"里佳-山美步道又名里美古道或鬼山古道，位於嘉義縣阿里山鄉，連接里佳到山美兩處鄒族部落，早在清代就被漢人通事利用為原漢交易的重要路線，是過去里佳、山美、新美部落在無公路之前唯一往來的路徑。

步道原本途經里佳峽谷、里佳瀑布、龍鳳谷、象山、曾文溪及達娜伊谷，總長約5.6公里，但經歷多次風災地震後部分路段已崩毀中斷，目前僅可從里佳通行至1.2公里處的里佳瀑布觀瀑亭。 

里佳瀑布高達100公尺，由觀瀑亭欣賞涓涓白練掛在石壁上，直瀉溪谷，沿途可遠眺象山，風景秀麗、涼爽怡人，輕鬆好走，適合全家同遊。 除步道本身外，還可順遊里佳部落。",(05)2787006,,嘉義縣,阿里山鄉,,345040000G,林業保育署,9/18/2025 1:49:53 AM
Trail_345040000G_009900,Trail,Zh_tw,奮瑞古道,奮瑞古道銜接奮起湖和瑞里兩處著名風景區，清朝時期先民挑擔往來通商，至今仍保存悶柴窯的遺跡、陰陽廟、神社等遺址。步道自火車站前紅磚階道而上，銜接環村生態步道與巨木山徑，後接奮太及瑞太古道，一路上在茂密原始林與孟宗竹林間穿梭，沿途還有參天聳立、丰姿互異的櫧櫟巨木群。,(05)2787006,,嘉義縣,竹崎鄉,,345040000G,林業保育署,9/18/2025 1:49:53 AM
Trail_345040000G_010000,Trail,Zh_tw,奮起湖大凍山步道,奮起湖大凍山山頂擁有近2千公尺的觀景亭，在天氣晴朗時視野寬廣，能遠眺阿里山、玉山、曾文水庫、草嶺等嘉義縣四周的風景名勝，更可以觀日出、雲海及晚霞。,(05)2787006,,嘉義縣,竹崎鄉,,345040000G,林業保育署,9/18/2025 1:49:53 AM
Trail_345040000G_010300,Trail,Zh_tw,土匪山步道,土匪山又稱番路山，海拔高度794公尺。而土匪山步道則位於嘉義縣番路鄉公興社區，長約0.85公里。步道登山口在公興社區（外腦寮），最高海拔約700公尺。,(05)2787006,,嘉義縣,番路鄉,,345040000G,林業保育署,9/18/2025 1:49:53 AM
Trail_345040000G_010500,Trail,Zh_tw,關子嶺大凍山步道,大凍山，又名大棟山，為台南市白河區與嘉義縣大埔鄉交界處的一座山峰，標高1241公尺，山勢雄偉廣大，西壁峭崖壯麗，為台南縣的第一高峰，也是台灣小百岳之一。一路可遠眺白河、鹿寮水庫及嘉義縣仁義潭、蘭潭水庫等，山頂有座早期為防範森林火災所設置之防火瞭望台，視野廣闊，可以觀賞關仔嶺群山交疊、蒼蒼鬱鬱的景致與關仔嶺溫泉區及嘉南平原。 步道沿途為低海拔闊葉林，溫暖潮濕的氣候使植物高大茂盛，生態豐富，冬日來此可賞清新脫俗的寒梅，片片白瓣紛飛，與落日餘暉相映、美不勝收。 ,(05)2787006,,臺南市,白河區,,345040000G,林業保育署,9/18/2025 1:49:53 AM
Trail_345040000G_010600,Trail,Zh_tw,關子嶺碧雲寺-水火同源登山步道,關仔嶺碧雲寺-水火同源登山步道自碧雲寺三寶殿出發，健行至「水火同源」，步道間不時可見蒼翠山巒之景，而水火同源更是臺南白河區著名景點之一。,(05)2787006,,臺南市,白河區,,345040000G,林業保育署,9/18/2025 1:49:53 AM
Trail_345040000G_010700,Trail,Zh_tw,崁頂步道,崁頂步道僅有500公尺左右，來回往返約半小時即可走完，位於崁頂福安宮廟宇後方植物園內，區內樹木林立，環境優雅，鳥類資源亦相當豐富。,(05)2787006,,臺南市,白河區,,345040000G,林業保育署,9/18/2025 1:49:53 AM
Trail_345040000G_010800,Trail,Zh_tw,雞籠山步道,雞籠山屬於關嶺群峰之一，因山頂形似雞籠而得名。距登山口約2公里路程，步道沿途有多處角落可遠眺嘉南平原，視野極佳。山頂設有木造涼亭一座，登頂前的一小段，種植有許多梅樹，春寒時節走在這片梅花樹下，可見雪白色正散發著清香的花朵。,(05)2787006,,臺南市,白河區,,345040000G,林業保育署,9/18/2025 1:49:53 AM
Trail_345040000G_010900,Trail,Zh_tw,崁頭山步道,崁頭山位居曾文水庫集水區周邊群山之內，標高844公尺，步道屬低海拔闊葉林，林蔭茂密、植被豐富，還有四公頃餘的樟樹林。沿路及山頂可眺望東山之聚落景觀、嘉南平原，天氣晴朗時還可看到嘉南的濱海地區，雨後常有雲海、雲瀑，美不勝收。,(05)2787006,,臺南市,東山區,,345040000G,林業保育署,9/18/2025 1:49:53 AM
Trail_345040000G_011400,Trail,Zh_tw,鈺鼎步道,"臺南鈺鼎步道位於臺南市南化區北寮里，步道全長1.6公里，約有1,470個階梯，從標高170公尺爬升到430公尺，全程幾乎都是由石階和原木棧道所鋪成。
鈺鼎步道由天豔宮起登，沿途林木扶疏，景色優美環境清幽，保有原始林自然生態，其中更以原生的月橘樹群最為珍貴，還有徑幹粗大且數量眾多的百年月橘老樹，是鈺鼎步道最具特色的自然景觀。漫步幽林中能洗滌心靈、安撫身心，是一條新興熱門且休閒的健康步道。",(05)2787006,,臺南市,南化區,,345040000G,林業保育署,9/18/2025 1:49:53 AM
Trail_345040000G_011900,Trail,Zh_tw,北大武山步道,北大武山為中央山脈南端最後一座海拔超過3千公尺以上的高山，名列台灣五嶽之一，當地排灣族視為聖山，稱之為「kavulungan」。擁有全臺面積最大的原始林，蘊藏著豐富的生物資源。從舊登山口沿途行經檜谷山莊、大武祠至北大武山頂，共約9公里，海拔變化約有1549公尺，都在南臺灣自然美景的最精華區域「雙鬼湖野生動物重要棲息環境」內。而最令人驚豔的著名美景則是秋冬季的雲海。,(08)7882647,,屏東縣,泰武鄉,,345040000G,林業保育署,9/18/2025 1:49:53 AM
Trail_345040000G_012200,Trail,Zh_tw,浸水營古道：西段,入口位於大漢林道約23.6k，至州廳界間，約2.7公里為浸水營步道（西段）。在104年間經屏東縣政府依文化資產保存法公告為文化景觀。,(08)7882647,,屏東縣,春日鄉,,345040000G,林業保育署,9/18/2025 1:49:53 AM
Trail_345040000G_012500,Trail,Zh_tw,美濃雙溪樹木園步道,"雙溪樹木園位於美濃區東北隅的廣林里，鄰近著名的黃蝶翠谷，為美濃溪上游，由二溪匯流包圍而得名，前身為1935年日人設立的「竹頭角熱帶樹木園」，面積達7.56公頃，引進、搜集並培育熱帶珍貴或具經濟價值的樹種；光復後因鮮少進行補植，再加上人為干擾較少，因此除原本的熱帶樹種自行更新外，尚可見部分臺灣次生樹種逐漸進入。

步道設施及指標完善，步道的盡頭是最高點的觀景平台。行走在高大的林蔭下，可感受濃密綠蔭的沁涼，放慢腳步，保持愉悅的心，將是一趟很棒的森林之旅。
",(07)6612031,,高雄市,美濃區,,345040000G,林業保育署,9/18/2025 1:49:53 AM
Trail_345040000G_012700,Trail,Zh_tw,美濃靈山登山步道,靈山屬月光山系，為玉山山脈尾稜，山勢形如大冠鷲，位於高雄市旗山區、美濃區交界處，靈山山麓下的村庄也是三百年前美濃區開庄的發源地。靈山步道為美濃區之熱門步道，多為在地人運動休閒之好去處。 靈山步道入口位於雷音寺旁，沿途林蔭茂密、林相優美，登頂有座福德祠，可遠眺旗山市區及美濃平原，登高望遠使人心曠神怡！從山上福德祠後可走到人斗山三角點，沿途竹木錯落，行走來相當愜意。,(07)6612031,,高雄市,美濃區,,345040000G,林業保育署,9/18/2025 1:49:53 AM
Trail_345040000G_013000,Trail,Zh_tw,六義山步道,六義山海拔約784公尺，屬阿里山山脈烏山山系，為高雄甲仙與台南南化的界山，日治時期就是熱門的登山路線。步道沿山脊開發，仿日治時期古道開鑿而成，採用自然生態工法設仿木紋樁路面；共有四處登山入口，由北至南分別為四德、公館、百葉與紫霞入口，縱走單程約花費三小時。 六義山步道周遭為租地造林地，步道沿途林蔭鬱蔽，樹種繁多，四季呈現不同風貌，尤其冬季一片梅樹開花，香味撲鼻、美麗夢幻。往西、東、南方向可眺望南化水庫、中央山脈及阿里山烏山山系，視野遼闊十分適合觀賞夕照。,(07)6612031,,高雄市,甲仙區,,345040000G,林業保育署,9/18/2025 1:49:53 AM
Trail_345040000G_013100,Trail,Zh_tw,尾寮山登山步道,"尾寮山位在屏東縣三地門鄉及高雄縣茂林區交界， 步道前半段為產業道路，循之字形緩坡向上，四、五月油桐花開時，朵朵白花如雪花飄落山徑，鋪成一條浪漫的白地毯；六月相思樹開花時，一朵朵鮮黃色如小粉撲的花綴滿山頭，甚是美麗。 
之後，步道轉為較原始之登山山徑，景觀也搖身變為低海拔闊葉林，間有數株高大的山黃麻佇立其間，還有一叢叢的刺竹及麻竹，有時還能遇著山地的主人巡山採筍。後段路徑長、坡度陡，偶有需拉繩攀登地形，在小百岳中是挑戰級路線。 雖然山頂為二等三角點無展望，但沿路即有許多不錯的展望點，可將附近茂林、六龜及高樹鄉的恬靜田園景色盡收眼裡。 
",(08)7882647,,屏東縣,高樹鄉,,345040000G,林業保育署,9/18/2025 1:49:53 AM
Trail_345040000G_013300,Trail,Zh_tw,里龍山步道,"高約1,062公尺的里龍山又稱里瀧山，為臺灣小百岳之一，為中央山脈南端的延伸，也是恆春半島上唯一一座海拔超過1千公尺的中級山。里龍山地質多為厚層砂岩，不時可見高聳陡直的山壁及巨石林立的景觀。山頂視野展望良好，是條極具多樣景觀的登山路線。約1.5公里前屬私有地範圍。",(08)7882647,,屏東縣,枋山鄉,,345040000G,林業保育署,9/18/2025 1:49:53 AM
Trail_345040000G_013900,Trail,Zh_tw,嘉明湖國家步道,"嘉明湖國家步道為中央山脈南二段的一部分，步道全程路徑明顯，高山生態景觀豐富多變，穿越台灣鐵杉林、台灣冷杉林、高山深谷、斷崖崩壁、箭竹草原及山頂稜線；而空谷鹿鳴、相連群峰、冬日雪景、皎潔月色和滿天星子是長久以來吸引登山客的美景。

步道所經的向陽山和三叉山兩座台灣百岳生態景觀各具特色，向陽山為中央山脈高山寒原生態分布的最南界限，三叉山則以廣闊壯麗的高山草原及不遠處如藍寶石般的嘉明湖聞名。 
",(089)811020,,臺東縣,海端鄉,,345040000G,林業保育署,9/18/2025 1:49:53 AM
Trail_345040000G_014000,Trail,Zh_tw,都蘭山步道,臺東縣縣山都蘭山是海岸山脈南段最高峰，是臺灣小百岳之一，矗立於卑南平原上，山勢宏偉，形態巍巍。由於受到太平洋水氣影響，都蘭山終年雲霧繚繞，孕育出繁盛鬱密的森林景觀，植物生態相當多樣豐富，蕨類生長尤其豐茂，神祕空靈的氣氛，更讓都蘭山有「美人山」之稱。都蘭山是當地原住民卑南族及阿美族的聖山，沿途可見「普悠瑪」碑石及許多原住民遺址，稜線上視野遼闊，一邊可見巍然高聳的海岸山脈，一邊是浩瀚無際的太平洋，如幸運遇天晴，可遠望蘭嶼、綠島。 ,(089)851027,,臺東縣,東河鄉,,345040000G,林業保育署,9/18/2025 1:49:53 AM
Trail_345040000G_014100,Trail,Zh_tw,麻荖漏步道,"麻老漏步道是成功鎮集水區的取水路徑，因此步道的鋪設以不汙染水源且民眾容易親近為原則，採用生態工法修築而成。

步道前三分之一平緩好走，之後則較具挑戰性，需攀爬陡坡、彎腰穿越巨石和山洞，全程大約有五至六次要跨越溪流水潭，加上沿途豐富的動植物生態，適合慢慢走慢慢玩。 終點的彩虹瀑布，名列臺灣十大名瀑之一，飛瀉水流在陽光的照射下映出彩虹，美麗至極。
",(089)851027,,臺東縣,成功鎮,,345040000G,林業保育署,9/18/2025 1:49:53 AM
Trail_345040000G_014700,Trail,Zh_tw,鯉魚山步道,「鯉魚山」因其外形與鯉魚相似而得名，又名卑南山，原名鰲魚山，是位於台東市舊火車站後方的公園，園中設有登山步道，並依地形規劃有鯉首、鯉眼、背嶺及鯉尾等觀景平台，視野極佳，可俯瞰台東市區與太平洋、北眺卑南族聖山都蘭山、猴子山、石頭山、虎頭山、利吉惡地及卑南山斷層崖（俗稱小黃山），當天氣晴朗時，甚至連綠島及蘭嶼島皆可盡收眼底，看山又看海，令人大飽眼福。 步道沿途林蔭幽森，老樹林立，鳥語花香，可謂台東市的綠肺，並有紀念碑、防空洞、忠烈祠、碉堡、砲臺等歷史遺跡，是台東市極佳的健行步道。,(089)512214,,臺東縣,臺東市,,345040000G,林業保育署,9/18/2025 1:49:53 AM
Trail_345040000G_015000,Trail,Zh_tw,大武觀海步道,大武觀海步道坡度平緩，約30分鐘即可輕鬆走完全程，素有「大武後花園」之稱，離海不遠，全程有海濤相伴，背山面海的地勢，可登高望遠，於賞景亭上俯瞰太平洋與大武溪入海口。山林主要為低海拔闊葉林生態系，沿途設置植物解說牌與鳥巢箱，讓民眾親近自然外，還能對生態有更進一步的瞭解。,(089)791016,,臺東縣,大武鄉,,345040000G,林業保育署,9/18/2025 1:49:53 AM
Trail_345040000G_015200,Trail,Zh_tw,月眉山步道,民國50年月眉山上的居民，為種植農作物而開闢的產業道路，成為月眉步道部分路段的前身。林相屬低海拔闊葉林，因水氣充足而有許多附生植物；具有臺灣少有的典型活斷層斷錯景觀，記錄著海岸山脈的造山運動。山頂的三角點因環境開闊、蝴蝶群聚，是賞蝶的最佳地點；觀景平台可俯瞰花東縱谷地區，及眺望綿延的海岸山脈。,(03)8527526,,花蓮縣,壽豐鄉,,345040000G,林業保育署,9/18/2025 1:49:53 AM
Trail_345040000G_015300,Trail,Zh_tw,安通越嶺道：西段,是第一條跨越海岸山脈連通東部海岸及花東縱谷的道路，為清朝至日治時期通婚、傳教、挑貨的重要道路。安通越嶺古道自1970年代荒廢後，鮮少人跡，直到2002年之後林業及自然保育署重修安通越嶺古道，聘請專家勘查；東段地處偏僻因此不再修復，西段因具有人文與生態旅遊價值，於2008年重修完成。,(03)8885450,,花蓮縣,玉里鎮,,345040000G,林業保育署,9/18/2025 1:49:53 AM
Trail_345040000G_015400,Trail,Zh_tw,八通關越道：鹿鳴吊橋段,八通關古道鹿鳴吊橋段步道位於花蓮縣卓溪鄉，為日治時期八通關越嶺道的一部份。全程都在闊葉林中，緩坡好走，沿途可觀賞亞熱帶植物，欣賞拉庫拉庫溪壯闊之美，體驗特殊吊索橋。,(03)8885450,,花蓮縣,卓溪鄉,,345040000G,林業保育署,9/18/2025 1:49:53 AM
Trail_345040000G_015500,Trail,Zh_tw,佐倉步道,"佐倉步道位於花蓮市西郊，原為台泥採礦道路，經花蓮分署整修規劃為適合民眾健走休憩的生態步道，交通便利，路緩好走，沿途植栽豐富，草地綠意盎然，隨著山勢蜿蜒而上，能逐漸俯瞰整個奇萊平原及壯闊的太平洋。
停車場旁還有撒固兒步道，環形一圈約1~1.5小時，如時間允許，可一併順遊。",(03)8611002,,花蓮縣,秀林鄉,,345040000G,林業保育署,9/18/2025 1:49:53 AM
Trail_345040000G_015600,Trail,Zh_tw,鯉魚山步道群,鯉魚山狀似鯉魚蜷臥而得名，鯉魚山步道系統計有健身、賞鳥、野趣、登山、遠眺、野餐觀景等數條步道，遊客可依體力及時間安排行程。步道旁的鯉魚潭，山光水色、碧波萬頃，「澄潭躍鯉」為花蓮八景之一。步道沿途為低海拔闊葉林及人造林，春天的櫻花及秋季的台灣欒樹盛開時，把山頭妝點得熱鬧繽紛。4-5月螢火蟲大發生時，是花蓮熱門的賞螢地點。,(03)8527526,,花蓮縣,壽豐鄉,,345040000G,林業保育署,9/18/2025 1:49:53 AM
Trail_345040000G_015900,Trail,Zh_tw,虎頭山步道,"虎頭山步道路線呈「Y」字形，可分為溫泉步道（0.84km）、山頂步道（0.90km）以及健康步道（0.24km），步道平緩漫步於蒼翠的闊葉林中，第一休息平台綠意環繞，蟲鳴鳥囀不絕於耳，第二休息區視野極佳，可遠眺縱谷景觀、秀姑巒溪、海岸山脈、舞鶴台地及瑞穗街景。

步道入口周圍種滿阿勃勒，夏天時有一片黃澄澄的花海；春夏之際，階梯上則佈滿白色油桐花；登上階梯至觀景平台，即為日治時代的神社所在地。步道前半段穿梭在青翠的桂竹林中，每年四至五月時，桂竹冒新筍，爭相從竹林下與步道邊冒出頭來。
",(03)8885450,,花蓮縣,瑞穗鄉,,345040000G,林業保育署,9/18/2025 1:49:53 AM
Trail_345040000G_016500,Trail,Zh_tw,檜木原始林步道,"檜木原始林步道位在太平山森林遊樂區，為太平山莊後方一片原始檜木森林，需經由植滿紫葉槭的紅葉步道，至鎮安宮後開始行走。

步道多為木棧道，沿途古木參天、蓊鬱蔽日、空氣氤氳，炎炎夏日於此享受森林浴非常沁涼。步道中途可連接至鐵杉林自然步道。
",(03)9545114,,宜蘭縣,南澳鄉,,345040000G,林業保育署,9/18/2025 1:49:53 AM
Trail_345040000G_017000,Trail,Zh_tw,浸水營國家步道東段,浸水營國家步道西起屏東縣枋寮鄉的水底寮，終至東端的台東縣大武鄉的加羅板部落，為台灣所有橫越中央山脈古道中，越嶺點最低、使用頻率最高，且使用時間最長的古道。沿途仍留有許多古道遺跡，生物歧異度之高、稀有植物之多堪稱全台數一數二，其中又以蕨類及蘭科植物最為豐盛精彩，是一條富含人文史跡與特殊自然生態景觀。,(089)791016,,臺東縣,達仁鄉,,345040000G,林業保育署,9/18/2025 1:49:53 AM
Trail_345040000G_017400,Trail,Zh_tw,鎮南宮步道,鎮南宮步道舊稱赤山步道，位於台南市六甲區珊瑚路鎮南宮的後方。全程約990公尺，步道寬廣坡度平緩起伏不大，極適合中、老年人健走。步道沿途指標清楚、林相優美豐富，除可鳥瞰烏山頭水庫風光，還可將六甲地區平原盡收眼底，為一條老少咸宜的休閒步道。尤其中途有筆直漂亮的檸檬桉樹林。,(05)2787006,,臺南市,六甲區,,345040000G,林業保育署,9/18/2025 1:49:53 AM
Trail_345040000G_017800,Trail,Zh_tw,福山步道,"福山步道位於嘉義縣阿里山鄉福山聚落上方，入口由台18線69公里處進入，海拔高約1,270～1,360公尺。步道入口處有一涼亭，於430公尺有一休憩平台，平台右側有一條向下的階梯步道可通往福山聚落，亦可直行之後右轉，再銜接此階梯步道繞回此平台，由平台再走回步道入口處，若如此繞回原點的路程全長約1,850公尺，是條輕鬆且前後段景致迥異的步道。此條步道有幾處可見到樹木燒焦的痕跡，係由於民國98年2月該處附近發生火災，為避免火勢延燒至福山聚落因而將此處闢為防火線。火災過後，於兩旁植樹並加以整理成為一條生態步道。",(05)2787006,,嘉義縣,阿里山鄉,,345040000G,林業保育署,9/18/2025 1:49:53 AM
Trail_345040000G_017900,Trail,Zh_tw,里美避難步道,"步道原先即為鄒族原住民遷徒及來往聯絡的古道，2009年八八風災重創里美步道後，部落村民意識到古道可以充做緊急救難之用，便向林業及自然保育署提出修復建議。此步道總長約1.6公里，因具緊急救難之用，故定名 為「里美避難步道」。

步道上部多為天然原始林，林相豐富完整，下部進入低海拔，逐漸出現開墾的痕跡，沿途設有3處原住民風格的木製獵寮可供休息、還有幾座特別的三角吊橋，另有可遠眺達娜伊谷的觀景台，視野非常良好。
",(05)2787006,,嘉義縣,阿里山鄉,,345040000G,林業保育署,9/18/2025 1:49:53 AM
Trail_345040000G_018000,Trail,Zh_tw,龍麟山步道,臺南龍麟山步道舊稱桶頭山步道，位於臺南市最東邊內烏山山脈上，是臺南市南化區與高雄市內門區的交界處，屬於烏山步道的一部份。龍麟山步道全程2.3公里，是一條環狀登山路線，步道延著山脊線蜿蜒，因山脊線上的巨石就像龍鱗般一片接著一片綿延展開，所以又稱為龍麟山步道。岩石構成龍麟般的瘦稜櫛比鱗次，宛如蟠龍攀附在山稜脊背上，登山健行充滿險趣與兼具挑戰性，這是龍麟山步道最大的特色。,(05)2787006,,臺南市,南化區,,345040000G,林業保育署,9/18/2025 1:49:53 AM
Trail_345040000G_019800,Trail,Zh_tw,奮起湖肖楠母樹林步道,"位於嘉義縣竹崎鄉境內的奮起湖肖楠母樹林步道，海拔高度約1,400公尺，區內主要為百年肖楠木組成，蓊鬱茂盛且環境清靜幽雅。嘉義分署為提供更完善的服務，已於105年11月整修完成一條約100公尺的木棧道與三座觀景平台連結原肖楠步道，以不破壞原有生態環境的高架式木棧道及平台施作，讓遊客更能體驗母樹林的清幽寂靜。",(05)2787006,,嘉義縣,竹崎鄉,,345040000G,林業保育署,9/18/2025 1:49:53 AM
Trail_345040000G_020000,Trail,Zh_tw,水山療癒步道,阿里山國家森林遊樂區內的新秘境-水山步道，是一條結合昔日阿里山森林鐵道文化與探訪水山紅檜巨木的步道，漫步其中彷彿走進森林時光隧道，體驗不同鐵道歷史回憶，歡迎大家前來體驗豐富身心靈之旅。,(05)2787006,,嘉義縣,阿里山鄉,,345040000G,林業保育署,9/18/2025 1:49:53 AM
Trail_345040000G_020700,Trail,Zh_tw,浸水營步道：前段,"浸水營古道全線西起屏東縣枋寮，東至臺東縣大武，全長約47公里，原為清代撫番道路，後來古道西段多被大漢林道新路取代。 浸水營步道前段入口靠近新開苗圃，終點至大漢林道5.2K處，接上今日大漢林道的路徑。 

步道全程好走，途中會經過砌石駁坎、質樸木橋，沿途綠蔭濃密，且有涼亭可供休憩，成為新開村居民健身的好地方。 古道附近仍留有許多清代及日治的遺跡。
",(08)7882647,,屏東縣,春日鄉,,345040000G,林業保育署,9/18/2025 1:49:53 AM
Trail_376530000A_000001,Trail,Zh_tw,尾寮山登山步道,,(08)7882647,,屏東縣,高樹鄉,,376530000A,屏東縣政府,9/16/2024 8:15:33 AM
Trail_376530000A_000002,Trail,Zh_tw,涼山瀑布步道,,(08)7993520,,屏東縣,瑪家鄉,,376530000A,屏東縣政府,9/16/2024 8:15:33 AM
Trail_376530000A_000003,Trail,Zh_tw,笠頂山步道,,(08)7992009,,屏東縣,瑪家鄉,,376530000A,屏東縣政府,9/16/2024 8:15:33 AM
Trail_376530000A_000004,Trail,Zh_tw,北大武山步道,,(08)7882647,,屏東縣,泰武鄉,,376530000A,屏東縣政府,9/16/2024 8:15:33 AM
Trail_376530000A_000005,Trail,Zh_tw,浸水營國家步道,,(08)7882647,,屏東縣,春日鄉,,376530000A,屏東縣政府,9/16/2024 8:15:33 AM
Trail_376530000A_000006,Trail,Zh_tw,雙流國家森林遊樂區步道群,,(08)8701393,,屏東縣,獅子鄉,,376530000A,屏東縣政府,9/16/2024 8:15:33 AM
Trail_376530000A_000007,Trail,Zh_tw,雙流國家森林遊樂區步道群,,(08)8701393,,屏東縣,獅子鄉,,376530000A,屏東縣政府,9/16/2024 8:15:33 AM
Trail_376530000A_000008,Trail,Zh_tw,雙流國家森林遊樂區步道群,,(08)8701393,,屏東縣,獅子鄉,,376530000A,屏東縣政府,9/16/2024 8:15:33 AM
Trail_376530000A_000009,Trail,Zh_tw,雙流國家森林遊樂區步道群,,(08)8701393,,屏東縣,獅子鄉,,376530000A,屏東縣政府,9/16/2024 8:15:33 AM
Trail_376530000A_000010,Trail,Zh_tw,旭海-觀音鼻自然保留區,,(08)7337591,,屏東縣,牡丹鄉,,376530000A,屏東縣政府,9/16/2024 8:15:33 AM
Trail_376530000A_000011,Trail,Zh_tw,里龍山步道,,(08)7882647,,屏東縣,獅子鄉,,376530000A,屏東縣政府,9/16/2024 8:15:33 AM
Trail_376530000A_000012,Trail,Zh_tw,石門山步道,,(08)8892031,,屏東縣,牡丹鄉,,376530000A,屏東縣政府,9/16/2024 8:15:33 AM
Trail_376530000A_000013,Trail,Zh_tw,墾丁國家森林遊樂區步道,,(08)8861211,,屏東縣,恆春鎮,,376530000A,屏東縣政府,9/16/2024 8:15:33 AM
Trail_376580000A_000001,Trail,Zh_tw,十八尖山步道,十八尖山位居新竹市東南郊，由十八個山頭組成的丘陵地帶，故名十八尖山。主要步道瀝青路面平整，另有多條階梯步道支線，沿途層巒疊翠，花草飄香，林蔭道上健行，空氣清新，由最高點「介壽亭」遠眺，四周美景盡收眼底。,(03)5216121,,新竹市,東區,博愛街5巷53號,376580000A,新竹市政府,4/28/2023 4:00:00 PM
Trail_A15010200H_000100,Trail,Zh_tw,林投隘門步道,林投隘門沙灘是澎湖最長的沙灘，橫越林投公園與隘門沙灘景點，那延綿的沙灘，傍依湛藍海水、金黃陽光，依偎在月彎形的海灣中，遊人徜徉在林木蒼鬱的海岸，盡情享受慵懶舒漫氛圍。,(06)9216521,,澎湖縣,湖西鄉,,A15010200H,交通部觀光署澎湖國家風景區管理處,10/6/2023 4:57:50 PM
Trail_A15010200H_000200,Trail,Zh_tw,望安天台山步道,天台山是望安島的最高峰，山上建有木棧道和涼亭，可遠眺花嶼、虎井島等鄰近諸島，尤其在天台山上遠眺台灣海峽，會有登泰山而小天下的感受。,(06)9991246,,澎湖縣,望安鄉,,A15010200H,交通部觀光署澎湖國家風景區管理處,10/6/2023 4:57:50 PM
Trail_A15010200H_000300,Trail,Zh_tw,望安鴛鴦窟步道,鴛鴦窟位在澎湖望安島東北方，是一處東西走向的天然河谷，隔海與形似馬鞍的馬鞍山相對。附近設有登山步道，除有大片草原可俯視鴛鴦窟及周邊島嶼的海岸線，在退潮時，還可以前往潮間帶戲水，觀賞深海貝殼、珊瑚、海膽、海星、海蔘等豐富海洋生態。,(06)9991246,,澎湖縣,望安鄉,,A15010200H,交通部觀光署澎湖國家風景區管理處,10/6/2023 4:57:50 PM
Trail_A15010200H_000400,Trail,Zh_tw,七美雙心石滬步道,雙心石滬位於澎湖七美東北角海崖下，是七美島最具特色的人文景觀，也是澎湖眾多石滬中最完整而美麗的一座。它那雙心交疊的優美線條，更吸引眾多情侶前來朝聖，是來澎湖觀光絕對不能錯過的景點，除了感受浪漫，更能欣賞七美美麗的海岸與壯闊的風化地形。,(06)9972154,,澎湖縣,七美鄉,,A15010200H,交通部觀光署澎湖國家風景區管理處,10/6/2023 4:57:50 PM
Trail_A15010200H_000500,Trail,Zh_tw,七美龍埕步道,七美龍埕，是一處神似龍形的海蝕平台，沿著崖壁所構築的步道，可欣賞平台上的壺穴、豆腐岩等地形。,(06)9972154,,澎湖縣,七美鄉,,A15010200H,交通部觀光署澎湖國家風景區管理處,10/6/2023 4:57:50 PM
Trail_A15010200H_000600,Trail,Zh_tw,馬公市蛇頭山步道,蛇頭山位於澎湖的南環最尾端，和馬公市區隔海相望，能眺望馬公港、西嶼、四腳嶼、虎井和桶盤，視野遼闊，風景如畫，整個景區有步道和木棧道可以輕鬆行走，沿路則有澎湖特有的仙人掌和天人菊迎風招呼。,(06)9216521,,澎湖縣,馬公市,,A15010200H,交通部觀光署澎湖國家風景區管理處,10/6/2023 4:57:50 PM
Trail_A15010600H_000100,Trail,Zh_tw,伊達邵親水步道,伊達邵親水步道入口在伊達邵中華電信大樓旁，終點在磐石營地，步道全長約500公尺，全程依水濱而建，平緩舒適、視野良好，是老少咸宜的輕鬆行程，也是住伊達邵或青年活動中心遊客的最,(049)2855668,,南投縣,魚池鄉,中山路599號,A15010600H,交通部觀光署日月潭國家風景區管理處,9/18/2025 12:05:11 AM
Trail_A15010600H_000101,Trail,Zh_tw,伊達邵親水步道(支線),伊達邵親水步道入口在伊達邵中華電信大樓旁，終點在磐石營地，步道全長約500公尺，全程依水濱而建，平緩舒適、視野良好，是老少咸宜的輕鬆行程，也是住伊達邵或青年活動中心遊客的最,(049)2855668,,南投縣,魚池鄉,中山路599號,A15010600H,交通部觀光署日月潭國家風景區管理處,9/18/2025 12:05:11 AM
Trail_A15010600H_000200,Trail,Zh_tw,文武年梯步道,年梯步道因其險峻的高度而被誇稱為「通天梯」，拾階而上，366個階梯數，每一階代表一天，步道全線象徵著一年流逝的經歷，階梯石板上刻著日期以及在當天出生的各國名人！遊客們可以在階面上依照日期找出與自己同日出生的世界名人！同時，中國傳統意味濃厚的24節氣也穿插在步道中，表達出趣味、知性與教育的意涵。,(049)2855668,,南投縣,魚池鄉,中山路599號,A15010600H,交通部觀光署日月潭國家風景區管理處,9/18/2025 12:05:11 AM
Trail_A15010600H_000300,Trail,Zh_tw,貓囒山步道,貓囒山步道入口位於明潭國中旁之台21公路，沿途環境清幽、視野展望極佳，可欣賞滿山遍谷的阿薩姆紅茶園、柳杉及日月潭全景，登頂時更可遠眺九份二山及集集大山。日月潭氣象站便設於海拔1020公尺高處，戶外有測候儀。清晨是漫步貓囒山的最佳時段，茶葉改良場辦公室外觀景平台更是日月潭最佳的觀日出景點。茶改場是台灣阿薩姆紅茶的故鄉，自日據時期即開始試種研發至今。從入口沿著紅茶梯田蜿蜒而上，二旁夾道的就是赫赫有名的阿薩姆紅茶。倚山面湖茶改場台地，是日月潭觀賞日出雲海、山水晨霧絕佳地點。從茶改場到氣象觀測站是具有運動量的林蔭步道，2公里路程有鍚蘭橄欖樹步道、筆直台灣杉林，一路蟲鳴鳥啼，登頂遠眺九份二山和集集大山，盡攬日月風光。,(049)2855668,,南投縣,魚池鄉,中山路599號,A15010600H,交通部觀光署日月潭國家風景區管理處,9/18/2025 12:05:11 AM
Trail_A15010600H_000301,Trail,Zh_tw,貓囒山步道(支線),貓囒山步道入口位於明潭國中旁之台21公路，沿途環境清幽、視野展望極佳，可欣賞滿山遍谷的阿薩姆紅茶園、柳杉及日月潭全景，登頂時更可遠眺九份二山及集集大山。日月潭氣象站便設於海拔1020公尺高處，戶外有測候儀。清晨是漫步貓囒山的最佳時段，茶葉改良場辦公室外觀景平台更是日月潭最佳的觀日出景點。茶改場是台灣阿薩姆紅茶的故鄉，自日據時期即開始試種研發至今。從入口沿著紅茶梯田蜿蜒而上，二旁夾道的就是赫赫有名的阿薩姆紅茶。倚山面湖茶改場台地，是日月潭觀賞日出雲海、山水晨霧絕佳地點。從茶改場到氣象觀測站是具有運動量的林蔭步道，2公里路程有鍚蘭橄欖樹步道、筆直台灣杉林，一路蟲鳴鳥啼，登頂遠眺九份二山和集集大山，盡攬日月風光。,(049)2855668,,南投縣,魚池鄉,中山路599號,A15010600H,交通部觀光署日月潭國家風景區管理處,9/18/2025 12:05:11 AM
Trail_A15010600H_000400,Trail,Zh_tw,內湖山步道,內湖山步道入口處位在中明村舊台21公路旁，有水巷與中明自行車道銜接，長度約560公尺，臨溪谷緩坡上升，步道有青石板梯與木棧，途中還會經過雲品土亭仔、迷你燈塔酒店，可在觀景台處遠眺日月潭。沿途可見杉木及竹林，筆筒樹、巒大秋海棠等植物隨處可見，林蔭蔽日、清爽宜人，蟲鳴鳥叫此起彼落，生態十分豐富，更以春末夏初的螢火蟲最具特色。,(049)2855668,,南投縣,魚池鄉,中山路599號,A15010600H,交通部觀光署日月潭國家風景區管理處,9/18/2025 12:05:11 AM
Trail_A15010600H_000401,Trail,Zh_tw,內湖山步道(支線),內湖山步道入口處位在中明村舊台21公路旁，有水巷與中明自行車道銜接，長度約560公尺，臨溪谷緩坡上升，步道有青石板梯與木棧，途中還會經過雲品土亭仔、迷你燈塔酒店，可在觀景台處遠眺日月潭。沿途可見杉木及竹林，筆筒樹、巒大秋海棠等植物隨處可見，林蔭蔽日、清爽宜人，蟲鳴鳥叫此起彼落，生態十分豐富，更以春末夏初的螢火蟲最具特色。,(049)2855668,,南投縣,魚池鄉,中山路599號,A15010600H,交通部觀光署日月潭國家風景區管理處,9/18/2025 12:05:11 AM
Trail_A15010600H_000500,Trail,Zh_tw,松柏崙步道,松柏崙曾是邵族祖先登陸往返埔里社「收番租」的路線，更是他們袁姓氏頭目祖靈祭的重要場所。在日月潭未蓄水時，是重要的挑鹽古道，步道臨潭處設有挑夫雕塑意象。步道入口位在文武廟與孔雀園之間，從蜿蜒曲折的密林小徑抵達展望台，沿途可盡情欣賞原生草木、蟲鳥生態與潭,(049)2855668,,南投縣,魚池鄉,中山路599號,A15010600H,交通部觀光署日月潭國家風景區管理處,9/18/2025 12:05:11 AM
Trail_A15010600H_000501,Trail,Zh_tw,松柏崙步道(支線),松柏崙曾是邵族祖先登陸往返埔里社「收番租」的路線，更是他們袁姓氏頭目祖靈祭的重要場所。在日月潭未蓄水時，是重要的挑鹽古道，步道臨潭處設有挑夫雕塑意象。步道入口位在文武廟與孔雀園之間，從蜿蜒曲折的密林小徑抵達展望台，沿途可盡情欣賞原生草木、蟲鳥生態與潭,(049)2855668,,南投縣,魚池鄉,中山路599號,A15010600H,交通部觀光署日月潭國家風景區管理處,9/18/2025 12:05:11 AM
Trail_A15010600H_000502,Trail,Zh_tw,松柏崙步道(支線),松柏崙曾是邵族祖先登陸往返埔里社「收番租」的路線，更是他們袁姓氏頭目祖靈祭的重要場所。在日月潭未蓄水時，是重要的挑鹽古道，步道臨潭處設有挑夫雕塑意象。步道入口位在文武廟與孔雀園之間，從蜿蜒曲折的密林小徑抵達展望台，沿途可盡情欣賞原生草木、蟲鳥生態與潭,(049)2855668,,南投縣,魚池鄉,中山路599號,A15010600H,交通部觀光署日月潭國家風景區管理處,9/18/2025 12:05:11 AM
Trail_A15010600H_000503,Trail,Zh_tw,松柏崙步道(支線),松柏崙曾是邵族祖先登陸往返埔里社「收番租」的路線，更是他們袁姓氏頭目祖靈祭的重要場所。在日月潭未蓄水時，是重要的挑鹽古道，步道臨潭處設有挑夫雕塑意象。步道入口位在文武廟與孔雀園之間，從蜿蜒曲折的密林小徑抵達展望台，沿途可盡情欣賞原生草木、蟲鳥生態與潭,(049)2855668,,南投縣,魚池鄉,中山路599號,A15010600H,交通部觀光署日月潭國家風景區管理處,9/18/2025 12:05:11 AM
Trail_A15010600H_000504,Trail,Zh_tw,松柏崙步道(支線),松柏崙曾是邵族祖先登陸往返埔里社「收番租」的路線，更是他們袁姓氏頭目祖靈祭的重要場所。在日月潭未蓄水時，是重要的挑鹽古道，步道臨潭處設有挑夫雕塑意象。步道入口位在文武廟與孔雀園之間，從蜿蜒曲折的密林小徑抵達展望台，沿途可盡情欣賞原生草木、蟲鳥生態與潭,(049)2855668,,南投縣,魚池鄉,中山路599號,A15010600H,交通部觀光署日月潭國家風景區管理處,9/18/2025 12:05:11 AM
Trail_A15010600H_000505,Trail,Zh_tw,松柏崙步道(支線),松柏崙曾是邵族祖先登陸往返埔里社「收番租」的路線，更是他們袁姓氏頭目祖靈祭的重要場所。在日月潭未蓄水時，是重要的挑鹽古道，步道臨潭處設有挑夫雕塑意象。步道入口位在文武廟與孔雀園之間，從蜿蜒曲折的密林小徑抵達展望台，沿途可盡情欣賞原生草木、蟲鳥生態與潭,(049)2855668,,南投縣,魚池鄉,中山路599號,A15010600H,交通部觀光署日月潭國家風景區管理處,9/18/2025 12:05:11 AM
Trail_A15010600H_000600,Trail,Zh_tw,大竹湖步道,長度只有180公尺的大竹湖自然步道，是日月潭邊最短的步道。從公路下方的停車場旁進入，不遠處便有一座觀景台，觀景台右側往下即是深入潭畔的步道，在步道下方的潭面有一處滾滾作響的出水口，那是日月潭有名的特殊景點─日月湧泉。其實，那是武界引水道的出水口，日治時期，日人從仁愛鄉武界部落鑿通一條地底隧道直通日月潭，將濁水溪上游的水引進日月潭，以作為日月潭固定的水源。水鳥溼地─由於長年沈砂堆積，逐漸淤淺而蔓生整片蘆葦，是潭內魚蝦棲息繁殖的重要場所，也是鷺鷥、夜鷺、翠鳥的棲息,(049)2855668,,南投縣,魚池鄉,中山路599號,A15010600H,交通部觀光署日月潭國家風景區管理處,9/18/2025 12:05:11 AM
Trail_A15010600H_000601,Trail,Zh_tw,大竹湖步道(支線),長度只有180公尺的大竹湖自然步道，是日月潭邊最短的步道。從公路下方的停車場旁進入，不遠處便有一座觀景台，觀景台右側往下即是深入潭畔的步道，在步道下方的潭面有一處滾滾作響的出水口，那是日月潭有名的特殊景點─日月湧泉。其實，那是武界引水道的出水口，日治時期，日人從仁愛鄉武界部落鑿通一條地底隧道直通日月潭，將濁水溪上游的水引進日月潭，以作為日月潭固定的水源。水鳥溼地─由於長年沈砂堆積，逐漸淤淺而蔓生整片蘆葦，是潭內魚蝦棲息繁殖的重要場所，也是鷺鷥、夜鷺、翠鳥的棲息,(049)2855668,,南投縣,魚池鄉,中山路599號,A15010600H,交通部觀光署日月潭國家風景區管理處,9/18/2025 12:05:11 AM
Trail_A15010600H_000700,Trail,Zh_tw,水蛙頭步道,水蛙頭步道位於大竹湖及伊達邵之間，入口處有青蛙雕像及小客車停車場，步道長500公尺，落差約60公尺，為高架棧道鋪設而成，行走於竹林幽徑上，終點為水濱的環狀動線。途經孟宗竹林，景致優美，原生林木、蕨類豐富，步道旁有多株木荷，夏天時盛開白色花朵，極富觀賞價值。沿途觀賞蝶舞、鳥飛、魚躍及蛙跳的活潑生態，潭邊設置「青蛙疊羅漢」銅雕，栩栩如生的述說地名的由來，也成為水位升降的觀測指標。,(049)2855668,,南投縣,魚池鄉,中山路599號,A15010600H,交通部觀光署日月潭國家風景區管理處,9/18/2025 12:05:11 AM
Trail_A15010600H_000800,Trail,Zh_tw,慈恩塔步道,慈恩塔步道，為台21甲縣道通往慈恩塔的森林小徑，步道由停車場沿石階漫步而上，長約700多公尺，在春末初夏的夜晚，流螢點點，是賞營的好地方。,(049)2855668,,南投縣,魚池鄉,中山路599號,A15010600H,交通部觀光署日月潭國家風景區管理處,9/18/2025 12:05:11 AM
Trail_A15010600H_000900,Trail,Zh_tw,土亭仔步道,土亭仔曾為邵族石印社遺址所在，現在則是石姓氏族祖靈祭地點，步道因此以邵族的吉祥物-貓頭鷹為意象。從日月村南行四公里抵達一座涼亭，為沙巴山與茄苳崙交接處，即見貓頭鷹立像的入口。透過架高的木棧道施設，保護現有地形與植被，沿途並設置許多解說牌，提供關於邵族文化的解說內容。步道盡頭設置展望樓，可眺望南、北、西三面的遠山近水。,(049)2855668,,南投縣,魚池鄉,中山路599號,A15010600H,交通部觀光署日月潭國家風景區管理處,9/18/2025 12:05:11 AM
Trail_A15010600H_001000,Trail,Zh_tw,涵碧步道,涵碧步道的起點為梅荷公園，步道平緩蜿蜒、環繞涵碧半島水濱，穿梭於林蔭花木中，是老少咸宜的大眾化路線。清晨漫步其中，可見五色鳥、山紅頭、繡眼畫眉等鳥類活躍林間。行至潭畔碼頭可盡覽慈恩塔、拉魯島及群山綠水美景。育樂亭是遠眺青龍山脈以及拉魯島的最佳地點，仔細觀察可以體會傳說中青龍搶珠的地理奧妙！蔣介石行館涵碧樓即因座落於涵碧半島為名，蔣介石先生暨夫人生前時常漫步於涵碧步道欣賞日月潭的美景。步道兩側還栽種蔣夫人最喜歡的桂花、梔子花等香花灌木。,(049)2855668,,南投縣,魚池鄉,中山路599號,A15010600H,交通部觀光署日月潭國家風景區管理處,9/18/2025 12:05:11 AM
Trail_A15010600H_001001,Trail,Zh_tw,涵碧步道(支線),涵碧步道的起點為梅荷公園，步道平緩蜿蜒、環繞涵碧半島水濱，穿梭於林蔭花木中，是老少咸宜的大眾化路線。清晨漫步其中，可見五色鳥、山紅頭、繡眼畫眉等鳥類活躍林間。行至潭畔碼頭可盡覽慈恩塔、拉魯島及群山綠水美景。育樂亭是遠眺青龍山脈以及拉魯島的最佳地點，仔細觀察可以體會傳說中青龍搶珠的地理奧妙！蔣介石行館涵碧樓即因座落於涵碧半島為名，蔣介石先生暨夫人生前時常漫步於涵碧步道欣賞日月潭的美景。步道兩側還栽種蔣夫人最喜歡的桂花、梔子花等香花灌木。,(049)2855668,,南投縣,魚池鄉,中山路599號,A15010600H,交通部觀光署日月潭國家風景區管理處,9/18/2025 12:05:11 AM
Trail_A15010600H_001002,Trail,Zh_tw,涵碧步道(支線),涵碧步道的起點為梅荷公園，步道平緩蜿蜒、環繞涵碧半島水濱，穿梭於林蔭花木中，是老少咸宜的大眾化路線。清晨漫步其中，可見五色鳥、山紅頭、繡眼畫眉等鳥類活躍林間。行至潭畔碼頭可盡覽慈恩塔、拉魯島及群山綠水美景。育樂亭是遠眺青龍山脈以及拉魯島的最佳地點，仔細觀察可以體會傳說中青龍搶珠的地理奧妙！蔣介石行館涵碧樓即因座落於涵碧半島為名，蔣介石先生暨夫人生前時常漫步於涵碧步道欣賞日月潭的美景。步道兩側還栽種蔣夫人最喜歡的桂花、梔子花等香花灌木。,(049)2855668,,南投縣,魚池鄉,中山路599號,A15010600H,交通部觀光署日月潭國家風景區管理處,9/18/2025 12:05:11 AM
Trail_A15010600H_001003,Trail,Zh_tw,涵碧步道(支線),涵碧步道的起點為梅荷公園，步道平緩蜿蜒、環繞涵碧半島水濱，穿梭於林蔭花木中，是老少咸宜的大眾化路線。清晨漫步其中，可見五色鳥、山紅頭、繡眼畫眉等鳥類活躍林間。行至潭畔碼頭可盡覽慈恩塔、拉魯島及群山綠水美景。育樂亭是遠眺青龍山脈以及拉魯島的最佳地點，仔細觀察可以體會傳說中青龍搶珠的地理奧妙！蔣介石行館涵碧樓即因座落於涵碧半島為名，蔣介石先生暨夫人生前時常漫步於涵碧步道欣賞日月潭的美景。步道兩側還栽種蔣夫人最喜歡的桂花、梔子花等香花灌木。,(049)2855668,,南投縣,魚池鄉,中山路599號,A15010600H,交通部觀光署日月潭國家風景區管理處,9/18/2025 12:05:11 AM
Trail_A15010600H_001004,Trail,Zh_tw,涵碧步道(支線),涵碧步道的起點為梅荷公園，步道平緩蜿蜒、環繞涵碧半島水濱，穿梭於林蔭花木中，是老少咸宜的大眾化路線。清晨漫步其中，可見五色鳥、山紅頭、繡眼畫眉等鳥類活躍林間。行至潭畔碼頭可盡覽慈恩塔、拉魯島及群山綠水美景。育樂亭是遠眺青龍山脈以及拉魯島的最佳地點，仔細觀察可以體會傳說中青龍搶珠的地理奧妙！蔣介石行館涵碧樓即因座落於涵碧半島為名，蔣介石先生暨夫人生前時常漫步於涵碧步道欣賞日月潭的美景。步道兩側還栽種蔣夫人最喜歡的桂花、梔子花等香花灌木。,(049)2855668,,南投縣,魚池鄉,中山路599號,A15010600H,交通部觀光署日月潭國家風景區管理處,9/18/2025 12:05:11 AM
Trail_A15010600H_001005,Trail,Zh_tw,涵碧步道(支線),涵碧步道的起點為梅荷公園，步道平緩蜿蜒、環繞涵碧半島水濱，穿梭於林蔭花木中，是老少咸宜的大眾化路線。清晨漫步其中，可見五色鳥、山紅頭、繡眼畫眉等鳥類活躍林間。行至潭畔碼頭可盡覽慈恩塔、拉魯島及群山綠水美景。育樂亭是遠眺青龍山脈以及拉魯島的最佳地點，仔細觀察可以體會傳說中青龍搶珠的地理奧妙！蔣介石行館涵碧樓即因座落於涵碧半島為名，蔣介石先生暨夫人生前時常漫步於涵碧步道欣賞日月潭的美景。步道兩側還栽種蔣夫人最喜歡的桂花、梔子花等香花灌木。,(049)2855668,,南投縣,魚池鄉,中山路599號,A15010600H,交通部觀光署日月潭國家風景區管理處,9/18/2025 12:05:11 AM
Trail_A15010600H_001006,Trail,Zh_tw,涵碧步道(支線),涵碧步道的起點為梅荷公園，步道平緩蜿蜒、環繞涵碧半島水濱，穿梭於林蔭花木中，是老少咸宜的大眾化路線。清晨漫步其中，可見五色鳥、山紅頭、繡眼畫眉等鳥類活躍林間。行至潭畔碼頭可盡覽慈恩塔、拉魯島及群山綠水美景。育樂亭是遠眺青龍山脈以及拉魯島的最佳地點，仔細觀察可以體會傳說中青龍搶珠的地理奧妙！蔣介石行館涵碧樓即因座落於涵碧半島為名，蔣介石先生暨夫人生前時常漫步於涵碧步道欣賞日月潭的美景。步道兩側還栽種蔣夫人最喜歡的桂花、梔子花等香花灌木。,(049)2855668,,南投縣,魚池鄉,中山路599號,A15010600H,交通部觀光署日月潭國家風景區管理處,9/18/2025 12:05:11 AM
Trail_A15010600H_001100,Trail,Zh_tw,青龍山步道,青龍山脈以及象徵龍珠的拉魯島，有著許多的傳說故事，步道起點為玄光寺碼頭，終點為慈恩塔，大致沿著稜線緩步上升，風景優美秀麗。玄光寺前的廣場視野極佳，拉魯島、涵碧半島、水社聚落景觀盡在眼前。步道沿途有運用日月潭高溫高濕特性而設計的苔蘚雕塑，如：山門、小沙彌、經書以及心經植盤等。在玄光寺廣場設有玄奘大師取經雕像，感念玄奘大師西行取經的千秋苦旅。,(049)2855668,,南投縣,魚池鄉,中山路599號,A15010600H,交通部觀光署日月潭國家風景區管理處,9/18/2025 12:05:11 AM
Trail_A15010600H_001200,Trail,Zh_tw,頭社水庫生態步道,頭社水庫生態步道景點包含頭社水庫、環湖生態棧道及山龍坑吊橋。木棧步道沿大舌滿溪搭建，入口兩旁野薑花夾道數百公尺，溪流對岸一大片油桐樹林，沿途山光水景相伴，市價計最好的賞螢地點。全台灣最迷你的水庫值得走一趟印證美景，一窺生態秘境。,(049)2855668,,南投縣,魚池鄉,中山路599號,A15010600H,交通部觀光署日月潭國家風景區管理處,9/18/2025 12:05:11 AM
Trail_A15010600H_001300,Trail,Zh_tw,後尖山步道,後尖山是日月潭四秀之一，海拔1008公尺，入口處在海拔663公尺南投客運頭社終點站，水平上升約345公尺，路線全長約6.5公里，是需要體力的挑戰路線。山頂設有休憩涼亭及野餐桌椅，登頂可遠眺日月潭景觀，風景十分秀麗。,(049)2855668,,南投縣,魚池鄉,中山路599號,A15010600H,交通部觀光署日月潭國家風景區管理處,9/18/2025 12:05:11 AM
Trail_A15010600H_001301,Trail,Zh_tw,後尖山步道(支線),後尖山是日月潭四秀之一，海拔1008公尺，入口處在海拔663公尺南投客運頭社終點站，水平上升約345公尺，路線全長約6.5公里，是需要體力的挑戰路線。山頂設有休憩涼亭及野餐桌椅，登頂可遠眺日月潭景觀，風景十分秀麗。,(049)2855668,,南投縣,魚池鄉,中山路599號,A15010600H,交通部觀光署日月潭國家風景區管理處,9/18/2025 12:05:11 AM
Trail_A15010600H_001400,Trail,Zh_tw,水社大山登山步道,水社大山步道有兩處入口，北入口在青年活動中心大客車停車場旁，入口石礅為步道起點；南入口位於德化邵族組合屋聚落內，入口的石雕意象為步道起點。全線水平上升達1300公尺，是需要相當體力的健行路段，登頂可俯瞰日月潭、欣賞中央山脈景致。因海拔上升較高，步道兩側林相經低海拔闊葉林到中海拔的針闊葉混合林，豐富多變，鳥類、昆蟲、動物生態豐富，是生態觀察的絕佳路徑。若時間有限，則可抵達登山口後，沿著環狀路線下山，經過串聯的木棧道，抵達南口或北口，僅需約兩個小時，是較大眾化的行程。,(049)2855668,,南投縣,魚池鄉,中山路599號,A15010600H,交通部觀光署日月潭國家風景區管理處,9/18/2025 12:05:11 AM
Trail_A15010600H_001401,Trail,Zh_tw,水社大山登山步道(支線),水社大山步道有兩處入口，北入口在青年活動中心大客車停車場旁，入口石礅為步道起點；南入口位於德化邵族組合屋聚落內，入口的石雕意象為步道起點。全線水平上升達1300公尺，是需要相當體力的健行路段，登頂可俯瞰日月潭、欣賞中央山脈景致。因海拔上升較高，步道兩側林相經低海拔闊葉林到中海拔的針闊葉混合林，豐富多變，鳥類、昆蟲、動物生態豐富，是生態觀察的絕佳路徑。若時間有限，則可抵達登山口後，沿著環狀路線下山，經過串聯的木棧道，抵達南口或北口，僅需約兩個小時，是較大眾化的行程。,(049)2855668,,南投縣,魚池鄉,中山路599號,A15010600H,交通部觀光署日月潭國家風景區管理處,9/18/2025 12:05:11 AM
Trail_A15010600H_001402,Trail,Zh_tw,水社大山登山步道(支線),水社大山步道有兩處入口，北入口在青年活動中心大客車停車場旁，入口石礅為步道起點；南入口位於德化邵族組合屋聚落內，入口的石雕意象為步道起點。全線水平上升達1300公尺，是需要相當體力的健行路段，登頂可俯瞰日月潭、欣賞中央山脈景致。因海拔上升較高，步道兩側林相經低海拔闊葉林到中海拔的針闊葉混合林，豐富多變，鳥類、昆蟲、動物生態豐富，是生態觀察的絕佳路徑。若時間有限，則可抵達登山口後，沿著環狀路線下山，經過串聯的木棧道，抵達南口或北口，僅需約兩個小時，是較大眾化的行程。,(049)2855668,,南投縣,魚池鄉,中山路599號,A15010600H,交通部觀光署日月潭國家風景區管理處,9/18/2025 12:05:11 AM
Trail_A15010600H_001500,Trail,Zh_tw,水社親水步道,水社親水步道是連接水社碼頭至九龍口重要的人行動線，起點為水社碼頭，終點為九龍口竹石園，全程皆為無障礙斜坡道，十分平緩易行；並有高架木棧道創造出臨水賞景的最佳位置。沿途使用現地砂岩堆砌出具有當地意象的石牆圍塑出休憩點，遊客可在憑欄遠眺之際，藉由解說系統,(049)2855668,,南投縣,魚池鄉,中山路599號,A15010600H,交通部觀光署日月潭國家風景區管理處,9/18/2025 12:05:11 AM
Trail_A15010600H_001501,Trail,Zh_tw,水社親水步道2(支線),水社親水步道是連接水社碼頭至九龍口重要的人行動線，起點為水社碼頭，終點為九龍口竹石園，全程皆為無障礙斜坡道，十分平緩易行；並有高架木棧道創造出臨水賞景的最佳位置。沿途使用現地砂岩堆砌出具有當地意象的石牆圍塑出休憩點，遊客可在憑欄遠眺之際，藉由解說系統,(049)2855668,,南投縣,魚池鄉,中山路599號,A15010600H,交通部觀光署日月潭國家風景區管理處,9/18/2025 12:05:11 AM
Trail_A15010900H_000100,Trail,Zh_tw,情人谷步道,經情人谷吊橋沿步道上行約10分鐘路程可到達情人谷瀑布，由下往上共有五層瀑布，但僅能由一旁階梯步道到第二層，林木茂盛，叢山峻嶺羅列，遊客可在此可細聽流水的聲音，四周清涼幽靜，是消暑去熱的最佳去處。如果靠近潭邊則可感受到自山上順流而下如白絹般的飛瀑再拍擊石壁與水面之後，水氣迎面撲來而暑氣全消。,(07)6801525,,高雄市,茂林區,屏東縣三地門鄉賽嘉村賽嘉巷120號,A15010900H,交通部觀光署茂林國家風景區管理處,12/5/2024 12:05:27 AM
Trail_A15010900H_000200,Trail,Zh_tw,賽嘉社區步道,由三地門鄉前往在屏185線23k進入有指標，由泰山鄉前往是在屏185線17k進入賽嘉部落，全長約2.1公里,(08)7992221,,屏東縣,三地門鄉,賽嘉村賽嘉巷120號,A15010900H,交通部觀光署茂林國家風景區管理處,12/5/2024 12:05:27 AM
Trail_A15010900H_000300,Trail,Zh_tw,姿沙里沙里步道,步道位於茂林區公所後方產業道路進入，總長3.7公里；目前暫時開放一般步道2.1公里，林間步徑1.6公里暫不開放遊客進入（終點有兩處茂林驛站、與六龜大津里望山腳處)。姿沙里沙里步道開放路段目前為農業用兼生態賞蝶與健康身心的最佳步道，請遊客進入勿烤肉、露營、傷及農民作物。,(07)6801681,,高雄市,茂林區,屏東縣三地門鄉賽嘉村賽嘉巷120號,A15010900H,交通部觀光署茂林國家風景區管理處,12/5/2024 12:05:27 AM
Trail_A15010900H_000301,Trail,Zh_tw,姿沙里沙里步道(支線),步道位於茂林區公所後方產業道路進入，總長3.7公里；目前暫時開放一般步道2.1公里，林間步徑1.6公里暫不開放遊客進入（終點有兩處茂林驛站、與六龜大津里望山腳處)。姿沙里沙里步道開放路段目前為農業用兼生態賞蝶與健康身心的最佳步道，請遊客進入勿烤肉、露營、傷及農民作物。,(07)6801681,,高雄市,茂林區,屏東縣三地門鄉賽嘉村賽嘉巷120號,A15010900H,交通部觀光署茂林國家風景區管理處,12/5/2024 12:05:27 AM
Trail_A15010900H_000400,Trail,Zh_tw,龍頭山步道,步道位於高132線10.5公里處，總長0.526公里；三面高山環繞，屬珍貴的環流丘地形，可見曲折蜿蜒的清澈溪流，沿線有兩處觀景台可停留，步道銜接至多納高吊橋，約需1-2小時路程。,(07)6801525,,高雄市,茂林區,屏東縣三地門鄉賽嘉村賽嘉巷120號,A15010900H,交通部觀光署茂林國家風景區管理處,12/5/2024 12:05:27 AM
Trail_A15010900H_000500,Trail,Zh_tw,羅木斯步道,茂林谷原名「羅慕斯」或「羅木斯」魯凱語意「美麗的山谷」，位於茂林里東側之濁口溪與支流木勝溪之交會處。茂林谷位於茂林區中段，為濁口溪的一處支流。總長1.08公里。,(07)6801525,,高雄市,茂林區,屏東縣三地門鄉賽嘉村賽嘉巷120號,A15010900H,交通部觀光署茂林國家風景區管理處,12/5/2024 12:05:27 AM
Trail_A15010900H_000600,Trail,Zh_tw,涼山瀑布步道,涼山瀑布步道入口位於屏東縣瑪家鄉的涼山村，縣道185線29.5km處。全長約1.5公里來回約需2小時,(08)7991663,,屏東縣,瑪家鄉,屏東縣三地門鄉賽嘉村賽嘉巷120號,A15010900H,交通部觀光署茂林國家風景區管理處,12/5/2024 12:05:27 AM
Trail_A15010900H_000700,Trail,Zh_tw,浦來溪頭社戰道,全長約3公里，步行時間約一小時。這條戰道據說是在日治時期，日本人為控制和消滅原住民激烈的抗日行動，沿著美瓏山稜線而修築的道路，目的是將原料運送至寶來峰頂，以便興建美瓏山砲台，而成為浦來溪頭社戰道的前身。沿途的坡度起伏不大，走累了，還可以在簡易的座椅上休息，是條老少咸宜的大眾健行路線。,(07)6881001,,高雄市,六龜區,屏東縣三地門鄉賽嘉村賽嘉巷120號,A15010900H,交通部觀光署茂林國家風景區管理處,12/5/2024 12:05:27 AM
Trail_A15010900H_000701,Trail,Zh_tw,浦來溪頭社戰道(支線),全長約3公里，步行時間約一小時。這條戰道據說是在日治時期，日本人為控制和消滅原住民激烈的抗日行動，沿著美瓏山稜線而修築的道路，目的是將原料運送至寶來峰頂，以便興建美瓏山砲台，而成為浦來溪頭社戰道的前身。沿途的坡度起伏不大，走累了，還可以在簡易的座椅上休息，是條老少咸宜的大眾健行路線。,(07)6881001,,高雄市,六龜區,屏東縣三地門鄉賽嘉村賽嘉巷120號,A15010900H,交通部觀光署茂林國家風景區管理處,12/5/2024 12:05:27 AM
Trail_A15010900H_000702,Trail,Zh_tw,浦來溪頭社戰道(支線),全長約3公里，步行時間約一小時。這條戰道據說是在日治時期，日本人為控制和消滅原住民激烈的抗日行動，沿著美瓏山稜線而修築的道路，目的是將原料運送至寶來峰頂，以便興建美瓏山砲台，而成為浦來溪頭社戰道的前身。沿途的坡度起伏不大，走累了，還可以在簡易的座椅上休息，是條老少咸宜的大眾健行路線。,(07)6881001,,高雄市,六龜區,屏東縣三地門鄉賽嘉村賽嘉巷120號,A15010900H,交通部觀光署茂林國家風景區管理處,12/5/2024 12:05:27 AM
Trail_A15011000H_000100,Trail,Zh_tw,牛港稜步道,位於淡水河左岸的觀音山，因特有的壯麗景緻與自然生態成為臺灣猛禽往返遷徒的必經路徑，每年四、五月間觀音山區約可見到十餘種猛禽，其中又以赤腹鷹、灰面鵟鷹、鳳頭蒼鷹、大冠鷲等「觀音四秀」為多，是適合全家出遊賞「鷹」的好所在!,(02)22928888,,新北市,五股區,凌雲路三段 130 號,A15011000H,交通部觀光署北海岸及觀音山國家風景區管理處,9/18/2025 12:00:12 AM
Trail_A15011000H_000101,Trail,Zh_tw,牛港稜步道(支線),位於淡水河左岸的觀音山，因特有的壯麗景緻與自然生態成為臺灣猛禽往返遷徒的必經路徑，每年四、五月間觀音山區約可見到十餘種猛禽，其中又以赤腹鷹、灰面鵟鷹、鳳頭蒼鷹、大冠鷲等「觀音四秀」為多，是適合全家出遊賞「鷹」的好所在!,(02)22928888,,新北市,五股區,凌雲路三段 130 號,A15011000H,交通部觀光署北海岸及觀音山國家風景區管理處,9/18/2025 12:00:12 AM
Trail_A15011000H_000200,Trail,Zh_tw,福隆山步道,完整的台北西國三十三所觀音靈場，計有33座石雕觀音像，另一座花山院法皇，以及設立在開山院中的「台北西國三十三靈場建設紀念碑」，後因戰爭及經濟發展，禮佛古道成了大馬路，石刻觀音佛像只剩下20尊左右，由於每個人找到的數目都不同，反而使得上山尋找觀音像，成了許多山友或登山健行的遊客，走訪觀音坑的新樂趣。另外，沿途可見不少的綠竹園，每年一、二月步道旁的山櫻花，則競相綻放，美不勝收；並可途經凌雲寺和凌雲禪寺兩座名剎，步道終點為凌雲禪寺，走全程約需40分鐘。,(02)22928888,,新北市,五股區,凌雲路三段 130 號,A15011000H,交通部觀光署北海岸及觀音山國家風景區管理處,9/18/2025 12:00:12 AM
Trail_A15011000H_000201,Trail,Zh_tw,福隆山步道(支線),完整的台北西國三十三所觀音靈場，計有33座石雕觀音像，另一座花山院法皇，以及設立在開山院中的「台北西國三十三靈場建設紀念碑」，後因戰爭及經濟發展，禮佛古道成了大馬路，石刻觀音佛像只剩下20尊或23尊左右，由於每個人找到的數目都不同，反而使得上山尋找觀音像，成了許多山友或登山健行的遊客，走訪觀音坑的新樂趣。另外，沿途可見不少的綠竹園，每年一、二月步道旁的山櫻花，則競相綻放，美不勝收；並可途經凌雲寺和凌雲禪寺兩座名剎，步道終點為凌雲禪寺，走全程約需40分鐘。,(02)22928888,,新北市,五股區,凌雲路三段 130 號,A15011000H,交通部觀光署北海岸及觀音山國家風景區管理處,9/18/2025 12:00:12 AM
Trail_A15011000H_000300,Trail,Zh_tw,硬漢嶺步道,硬漢嶺登山步道，為昔稱觀音古道，經凌雲禪寺旁步道入口前往，步道沿山勢蜿蜒拾級而上，途中可觀賞火山地形與巨石熔岩群，兩旁栽植山茶、杜鵑和櫻花，每逢花季更添旅遊樂趣。,(02)22928888,,新北市,五股區,凌雲路三段 130 號,A15011000H,交通部觀光署北海岸及觀音山國家風景區管理處,9/18/2025 12:00:12 AM
Trail_A15011000H_000400,Trail,Zh_tw,楓櫃斗湖步道,楓櫃斗湖步道為綠色隧道。本步道為通往硬漢嶺之最短路徑，增闢眺望台北港休憩區,(02)22928888,,新北市,五股區,凌雲路三段 130 號,A15011000H,交通部觀光署北海岸及觀音山國家風景區管理處,9/18/2025 12:00:12 AM
Trail_A15011000H_000500,Trail,Zh_tw,尖山步道,位在觀音山之東南方的尖山，外觀酷似日本的富士山，且緊臨淡水河，故有「淡水河小富士山」之稱。,(02)22928888,,新北市,五股區,凌雲路三段 130 號,A15011000H,交通部觀光署北海岸及觀音山國家風景區管理處,9/18/2025 12:00:12 AM
Trail_A15011000H_000600,Trail,Zh_tw,牛寮埔步道,步道沿途不僅景色宜人，且可欣賞淡水河、八里海岸風光。無極宮附近還可看到許多的觀光果園，在領略自然美景之時，還能體驗悠遊自在的農家樂。,(02)22928888,,新北市,五股區,凌雲路三段 130 號,A15011000H,交通部觀光署北海岸及觀音山國家風景區管理處,9/18/2025 12:00:12 AM
Trail_A15011000H_000700,Trail,Zh_tw,林梢步道,林梢步道位於生態園區旁，沿山勢而建，猶如穿梭林間，漫步輕遊極為適意。步道分為兩段，中有茄苳園可供休憩，沿途視野良好，臺北盆地美景盡收眼底。,(02)22928888,,新北市,五股區,凌雲路三段 130 號,A15011000H,交通部觀光署北海岸及觀音山國家風景區管理處,9/18/2025 12:00:12 AM
Trail_A15011000H_000800,Trail,Zh_tw,麟山鼻綠色園區步道-1,2007年8月上映的電影：「不能說的秘密」中有一幕男主角護送女主角回家的場景，即是在麟山鼻遊憩區自行車步道所拍攝。其中木棧道總長約600公尺；沿途海景秀麗，尤以微風吹拂木麻黃林、海風挑動銀浪時，最為動人，也因此吸引許多影迷探訪。,(02)86355100,,新北市,石門區,德茂里下員坑 33-6 號,A15011000H,交通部觀光署北海岸及觀音山國家風景區管理處,9/18/2025 12:00:12 AM
Trail_A15011000H_000801,Trail,Zh_tw,麟山鼻綠色園區步道-2(支線),2007年8月上映的電影：「不能說的秘密」中有一幕男主角護送女主角回家的場景，即是在麟山鼻遊憩區自行車步道所拍攝。其中木棧道總長約600公尺；沿途海景秀麗，尤以微風吹拂木麻黃林、海風挑動銀浪時，最為動人，也因此吸引許多影迷探訪。,(02)86355100,,新北市,石門區,德茂里下員坑 33-6 號,A15011000H,交通部觀光署北海岸及觀音山國家風景區管理處,9/18/2025 12:00:12 AM
Trail_A15011000H_000900,Trail,Zh_tw,獅頭山公園步道,獅頭山儼然就是金山岬突出於北海岸的瞭望臺，左右各擁有一座漁港環抱，因本身居高臨下，若要盡得金山海岸景觀之美，一次飽覽三大奇景：燭台雙嶼、磺港漁火及水尾泛月。,(02)24988980,,新北市,金山區,磺港路 171-2 號,A15011000H,交通部觀光署北海岸及觀音山國家風景區管理處,9/18/2025 12:00:12 AM
Trail_A15011000H_000901,Trail,Zh_tw,獅頭山公園步道(支線),獅頭山儼然就是金山岬突出於北海岸的瞭望臺，左右各擁有一座漁港環抱，因本身居高臨下，若要盡得金山海岸景觀之美，一次飽覽三大奇景：燭台雙嶼、磺港漁火及水尾泛月。,(02)24988980,,新北市,金山區,磺港路 171-2 號,A15011000H,交通部觀光署北海岸及觀音山國家風景區管理處,9/18/2025 12:00:12 AM
Trail_A15011000H_001000,Trail,Zh_tw,野柳第三區步道,野柳第三區步道擁有各種海濱植物，沿著第三區步道行至野柳岬頂端，還有一座外型以燭台石為設計範本的野柳燈塔，遠望有如蠟燭台一般，造型非常優雅、獨特。,(02)24922016,,新北市,萬里區,港東路 167-1 號,A15011000H,交通部觀光署北海岸及觀音山國家風景區管理處,9/18/2025 12:00:12 AM
Trail_A15011000H_001001,Trail,Zh_tw,野柳第三區步道(支線),野柳第三區步道擁有各種海濱植物，沿著第三區步道行至野柳岬頂端，還有一座外型以燭台石為設計範本的野柳燈塔，遠望有如蠟燭台一般，造型非常優雅、獨特。,(02)24922016,,新北市,萬里區,港東路 167-1 號,A15011000H,交通部觀光署北海岸及觀音山國家風景區管理處,9/18/2025 12:00:12 AM
Trail_A15011000H_001002,Trail,Zh_tw,野柳第三區步道(支線),野柳第三區步道擁有各種海濱植物，沿著第三區步道行至野柳岬頂端，還有一座外型以燭台石為設計範本的野柳燈塔，遠望有如蠟燭台一般，造型非常優雅、獨特。,(02)24922016,,新北市,萬里區,港東路 167-1 號,A15011000H,交通部觀光署北海岸及觀音山國家風景區管理處,9/18/2025 12:00:12 AM
Trail_A15011000H_001003,Trail,Zh_tw,野柳第三區步道(支線),野柳第三區步道擁有各種海濱植物，沿著第三區步道行至野柳岬頂端，還有一座外型以燭台石為設計範本的野柳燈塔，遠望有如蠟燭台一般，造型非常優雅、獨特。,(02)24922016,,新北市,萬里區,港東路 167-1 號,A15011000H,交通部觀光署北海岸及觀音山國家風景區管理處,9/18/2025 12:00:12 AM
Trail_A15011000H_001100,Trail,Zh_tw,情人湖公園步道,情人湖公園步道兩旁林木蓊鬱，而各種植物則展現四季風貌，在享受芬多精森林浴的同時，沿途並可欣賞湖光山色，往情人湖的北邊走去，有步道可登上面海的山嶺，從稜線的步道上觀看大海，不僅可以見到岸邊的澳底漁港，亦可遠眺基隆嶼及野柳海岬。,(02)24319343,,基隆市,安樂區,基金一路208巷159號,A15011000H,交通部觀光署北海岸及觀音山國家風景區管理處,9/18/2025 12:00:12 AM
Trail_A15011000H_001101,Trail,Zh_tw,情人湖公園步道(支線),情人湖公園步道兩旁林木蓊鬱，而各種植物則展現四季風貌，在享受芬多精森林浴的同時，沿途並可欣賞湖光山色，往情人湖的北邊走去，有步道可登上面海的山嶺，從稜線的步道上觀看大海，不僅可以見到岸邊的澳底漁港，亦可遠眺基隆嶼及野柳海岬。,(02)24319343,,基隆市,安樂區,基金一路208巷159號,A15011000H,交通部觀光署北海岸及觀音山國家風景區管理處,9/18/2025 12:00:12 AM
Trail_A15011000H_001102,Trail,Zh_tw,情人湖公園步道(支線),情人湖公園步道兩旁林木蓊鬱，而各種植物則展現四季風貌，在享受芬多精森林浴的同時，沿途並可欣賞湖光山色，往情人湖的北邊走去，有步道可登上面海的山嶺，從稜線的步道上觀看大海，不僅可以見到岸邊的澳底漁港，亦可遠眺基隆嶼及野柳海岬。,(02)24319343,,基隆市,安樂區,基金一路208巷159號,A15011000H,交通部觀光署北海岸及觀音山國家風景區管理處,9/18/2025 12:00:12 AM
Trail_A15011000H_001103,Trail,Zh_tw,情人湖公園步道(支線),情人湖公園步道兩旁林木蓊鬱，而各種植物則展現四季風貌，在享受芬多精森林浴的同時，沿途並可欣賞湖光山色，往情人湖的北邊走去，有步道可登上面海的山嶺，從稜線的步道上觀看大海，不僅可以見到岸邊的澳底漁港，亦可遠眺基隆嶼及野柳海岬。,(02)24319343,,基隆市,安樂區,基金一路208巷159號,A15011000H,交通部觀光署北海岸及觀音山國家風景區管理處,9/18/2025 12:00:12 AM
Trail_A15011000H_001104,Trail,Zh_tw,情人湖公園步道(支線),情人湖公園步道兩旁林木蓊鬱，而各種植物則展現四季風貌，在享受芬多精森林浴的同時，沿途並可欣賞湖光山色，往情人湖的北邊走去，有步道可登上面海的山嶺，從稜線的步道上觀看大海，不僅可以見到岸邊的澳底漁港，亦可遠眺基隆嶼及野柳海岬。,(02)24319343,,基隆市,安樂區,基金一路208巷159號,A15011000H,交通部觀光署北海岸及觀音山國家風景區管理處,9/18/2025 12:00:12 AM
Trail_A15011000H_001200,Trail,Zh_tw,富貴角步道,步道終點為台灣極北點，及可欣賞到極北燈塔-富貴角燈塔，富貴角燈塔是日本人在台灣興建的第一座燈塔，目前以八角形混凝土塔身，外表為黑白平行相間的條紋呈現。,(02)86355100,,新北市,石門區,德茂里下員坑 33-6 號,A15011000H,交通部觀光署北海岸及觀音山國家風景區管理處,9/18/2025 12:00:12 AM
Trail_A15011300H_000100,Trail,Zh_tw,南子吝步道,南子吝山位於南雅里聚落旁，濱海公路 81.2 公里處，全長僅990公尺，步程約１小時，沿途除可遊賞臺灣難得一見低海拔層巒疊翠山列風光外，登高並可飽覽南雅聚落全景、眺望鼻頭角、基隆嶼、無耳茶壺山、草山山列的草原景觀等以及基隆山，此外還可順遊南雅聚落的小橋流水、綠蔭、傳統石頭建築，視野奇佳。,(02)24991115,,新北市,瑞芳區,新北市貢寮區福隆里興隆街36號,A15011300H,交通部觀光署東北角及宜蘭海岸國家風景區管理處,9/17/2025 11:10:21 PM
Trail_A15011300H_000200,Trail,Zh_tw,南雅地質步道,南雅地質步道是一條可親水近山細覽南雅奇石之美的步道，全長三百多公尺，生態與地質景觀極其豐富，每一步都可見到不同變化的景緻。步道一面近海、一邊臨山，地面鋪設著當地石材，與自然風貌相融合，在臨海段的水面上還鋪設有大小不一的石塊，展現昔日「跳石海岸」的風采。,(02)24991115,,新北市,瑞芳區,新北市貢寮區福隆里興隆街36號,A15011300H,交通部觀光署東北角及宜蘭海岸國家風景區管理處,9/17/2025 11:10:21 PM
Trail_A15011300H_000300,Trail,Zh_tw,鼻頭角步道 (濱海/燈塔/稜谷線),鼻頭角步道全長約3.5公里，全程步行時間約需2至3小時，是一條充滿知性的健行路線，遊客可藉由觀察鼻頭角特有的景觀，體認千百萬年來海水與岩石之間的消長，以各種差異侵蝕作用之下所造成的地形、地質。,(02)24991115,,新北市,瑞芳區,新北市貢寮區福隆里興隆街36號,A15011300H,交通部觀光署東北角及宜蘭海岸國家風景區管理處,9/17/2025 11:10:21 PM
Trail_A15011300H_000400,Trail,Zh_tw,龍洞灣岬步道,龍洞灣岬步道途經龍洞灣與龍洞岬，所以將步道命名為「龍洞灣岬步道」。從龍洞南口海洋公園至和美國小折返全程約需1.5小時；至龍洞灣公園折返，全程約需3小時，遊客可視體力自行安排路程。,(02)24991115,,新北市,貢寮區,福隆里興隆街36號,A15011300H,交通部觀光署東北角及宜蘭海岸國家風景區管理處,9/17/2025 11:10:21 PM
Trail_A15011300H_000500,Trail,Zh_tw,龜山島生態步道,龜山島每年3到10月開放民眾登島參觀，由北岸碼頭登岸，島上有及四條自導步道：分別是龜尾區的長約650公尺的環湖步道，龜尾北側高處的毛柿步道，401高地登頂步道與北岸生態登山步道，登臨需另行申請。,(02)24991115,,宜蘭縣,頭城鎮,新北市貢寮區福隆里興隆街36號,A15011300H,交通部觀光署東北角及宜蘭海岸國家風景區管理處,9/17/2025 11:10:21 PM
Trail_A15011300H_000600,Trail,Zh_tw,三貂角燈塔步道,三貂角步道由馬崗附近的岔路循指標而上，即可到達三貂角燈塔；燈塔內設有展覽室展示與燈塔有關之裝備與資訊，是北部地區唯一開放提供民眾參觀的燈塔。,(02)24991115,,新北市,貢寮區,福隆里興隆街36號,A15011300H,交通部觀光署東北角及宜蘭海岸國家風景區管理處,9/17/2025 11:10:21 PM
Trail_A15011300H_000700,Trail,Zh_tw,桃源谷步道-內寮線,內寮線單程約2公里，低海拔步道進出口，在吉林村內寮內坑民宅旁，以自行開車為主的遊客，大多選擇此路線進出。,(02)24991115,,宜蘭縣,頭城鎮,新北市貢寮區福隆里興隆街36號,A15011300H,交通部觀光署東北角及宜蘭海岸國家風景區管理處,9/17/2025 11:10:21 PM
Trail_A15011300H_000800,Trail,Zh_tw,桃源谷步道-大溪線,大溪線單程約4.8公里，低海拔起訖點在大溪社區後側小公園旁。步道先是陡峭，至標高456公尺的蕃薯寮山展望點，再至桃源谷。,(02)24991115,,宜蘭縣,頭城鎮,新北市貢寮區福隆里興隆街36號,A15011300H,交通部觀光署東北角及宜蘭海岸國家風景區管理處,9/17/2025 11:10:21 PM
Trail_A15011300H_000900,Trail,Zh_tw,桃源谷步道-草嶺線,草嶺線單程約4.5公里，全程經草嶺山、灣坑頭山、石觀音線鞍部山口，在西南行上坡約200公尺即可至桃源谷。,(02)24991115,,宜蘭縣,頭城鎮,新北市貢寮區福隆里興隆街36號,A15011300H,交通部觀光署東北角及宜蘭海岸國家風景區管理處,9/17/2025 11:10:21 PM
Trail_A15011300H_001000,Trail,Zh_tw,草嶺古道,草嶺古道介於新北市貢寮區遠望坑到宜蘭縣頭城鎮大里之間的山區路徑，全長8.5公里，。古道的鋪設以我國南方丘陵山路的築路技術，採用當地最常見的砂巖作為材料，石磴如梯，成為一條古意盎然、兼具知性與感性的健行步道。,(02)24991115,,宜蘭縣,頭城鎮,新北市貢寮區福隆里興隆街36號,A15011300H,交通部觀光署東北角及宜蘭海岸國家風景區管理處,9/17/2025 11:10:21 PM
